galaxy,n_points,chi2_spum_red,chi2_nfw_red,aic_spum,aic_nfw,bic_spum,bic_nfw,delta_aic,delta_bic,spum_better_aic,spum_better_bic,nfw_params
CamB,9,0.3715893285529254,5.690823011948669,11.486357314211702,40.14493807169201,12.4724802008928,40.73661180370067,-28.65858075748031,-28.26413160280787,True,True,"2.91e+10,2.00"
D564-8,6,0.0677825630510778,1.2276606473347103,10.067782563051077,9.682981942004131,9.026579909191351,9.058260349688297,0.3848006210469457,-0.031680440496945295,False,True,"1.15e+11,2.00"
D631-7,16,0.3809583076671412,3.4331928264336966,14.190541384338553,50.631506743638056,18.05348499553746,52.9492729103574,-36.440965359299504,-34.89578791481994,True,True,"1.82e+12,2.00"
DDO064,14,0.4251054143144635,1.0955737443164464,13.825948728830172,18.051311187480913,17.021235376906464,19.968483176326686,-4.225362458650741,-2.9472477994202215,True,True,"6.98e+12,2.00"
DDO154,12,2.015620477425539,11.673123773531696,24.10934334197877,111.05811396178527,26.533876590918773,112.51283391114927,-86.9487706198065,-85.9789573202305,True,True,"7.13e+10,6.17"
DDO161,31,0.9393695523682838,1.5804492177238951,34.423608361575376,50.25257809626906,41.593544384001106,54.5545397097245,-15.828969734693686,-12.960995325723395,True,True,"1.32e+11,5.10"
DDO168,10,5.379064368517218,7.895500078344198,36.89532184258609,61.268500548409385,38.40824730755632,62.17625582739152,-24.373178705823292,-23.7680085198352,True,True,"6.80e+12,2.00"
DDO170,8,0.9746195619264812,3.460300685347864,12.923858685779443,23.30150342673932,13.321066394178622,23.539828051778827,-10.377644740959877,-10.218761657600204,True,True,"6.70e+10,6.98"
ESO079-G014,15,1.3496529994497268,6.08916263763782,23.49652999449727,79.06995165165384,27.036781000008318,81.19410225496047,-55.57342165715657,-54.15732125495215,True,True,"4.54e+12,6.03"
ESO116-G012,15,1.9490960196387264,4.312251389294478,29.490960196387263,57.747016671533736,33.031211201898316,59.87116727484037,-28.256056475146472,-26.83995607294205,True,True,"4.80e+11,9.86"
ESO444-G084,7,5.848566576173297,2.168996529604203,21.697133152346595,14.675986118416812,21.426683897623157,14.513716565582751,7.021147033929783,6.912967332040406,False,False,"1.08e+11,10.99"
F561-1,6,0.1085744325312765,0.29858350394201266,10.108574432531276,6.895750511826038,9.06737177867155,6.271028919510203,3.2128239207052376,2.7963428591613466,False,False,"4.00e+10,6.30"
F563-1,17,0.5463688736640335,1.1576128587939876,16.5564264839684,22.206580023115826,20.72249320424948,24.706220055284476,-5.650153539147425,-3.9837268510349944,True,True,"3.77e+11,7.93"
F563-V1,6,0.535851274441402,0.6443645409019082,10.535851274441402,7.933093622705725,9.494648620581676,7.30837203038989,2.6027576517356774,2.1862765901917864,False,False,"1.29e+10,3.47"
F563-V2,10,0.2251562923270128,1.675595409445083,11.125781461635064,17.72916786611558,12.638706926605295,18.636923145097718,-6.603386404480517,-5.9982162184924235,True,True,"1.66e+12,6.93"
F565-V2,7,0.0700774392647968,0.5320204493157135,10.140154878529593,8.128081797262855,9.869705623806158,7.965812244428793,2.0120730812667382,1.9038933793773651,False,False,"6.08e+12,2.00"
F568-1,12,0.0490023558697728,1.0628708692130222,10.34301649108841,15.5658378229172,12.76754974002841,17.0205577722812,-5.22282133182879,-4.25300803225279,True,True,"3.02e+12,5.83"
F568-3,18,0.7801338345485129,5.34744819939331,20.141739849130666,86.21172299089964,24.59359863861149,88.88283826458814,-66.06998314176897,-64.28923962597665,True,True,"7.30e+11,4.24"
F568-V1,15,0.0668161932357623,0.23359203479901705,10.668161932357624,8.803104417588205,14.208412937868674,10.927255020894835,1.8650575147694184,3.2811579169738394,False,False,"2.51e+11,15.00"
F571-8,13,3.01112885132992,10.02809674037547,34.08903081063936,106.28096740375472,36.913777597947046,107.97581547613933,-72.19193659311536,-71.06203787819229,True,True,"4.43e+12,4.82"
F571-V1,7,0.0478722391580287,0.6383610188197967,10.095744478316057,8.553444075279186,9.825295223592622,8.391174522445127,1.5423004030368705,1.4341207011474957,False,False,"2.42e+11,6.16"
F574-1,14,0.030138058826389,2.3742248363416425,10.271242529437501,32.11647319975807,13.466529177513793,34.03364518860384,-21.845230670320568,-20.56711601109005,True,True,"3.38e+11,8.09"
F579-V1,14,0.0473613507295121,0.31765492402181983,10.426252156565608,9.494204164240017,13.6215388046419,11.411376153085794,0.9320479923255913,2.2101626515561072,False,False,"1.56e+11,20.21"
F583-1,25,0.1107945264588309,1.7248818394758374,12.215890529176619,43.94740046846842,18.310269653517622,47.60402794307302,-31.731509939291804,-29.2937582895554,True,True,"3.25e+11,5.23"
F583-4,12,0.5379772531474262,0.37271507578635205,13.765840772031982,9.354435682077169,16.190374020971984,10.80915563144117,4.411405089954814,5.381218389530813,False,False,"3.27e+11,4.83"
IC2574,34,3.9668852554250007,26.128088817988687,125.03967240732501,815.9707533576493,132.67147503040582,820.5498349314978,-690.9310809503243,-687.8783599010919,True,True,"1.38e+11,3.48"
IC4202,32,3.352424168638636,195.2829331768551,100.51545255324318,5669.205062128798,107.84413206724182,5673.602269837197,-5568.689609575555,-5565.758137769955,True,True,"1.00e+13,5.61"
KK98-251,15,0.3296342908679308,4.120345071489117,13.296342908679307,55.44414085786941,16.83659391419036,57.56829146117604,-42.1477979491901,-40.73169754698568,True,True,"5.37e+11,2.00"
NGC0024,29,0.2402896772563185,1.3687475214011944,15.766952254151644,41.58743555643105,22.603431404084013,45.68932304639048,-25.82048330227941,-23.085891642306464,True,True,"1.08e+11,26.74"
NGC0055,21,0.3087837456695435,4.405650312181055,14.940539930712696,85.30170561925898,20.16315211932981,88.43527293242926,-70.3611656885463,-68.27212081309945,True,True,"4.40e+11,5.21"
NGC0100,21,0.0927389205496208,1.479035927334673,11.483822728793932,32.62264669202411,16.70643491741105,35.75621400519438,-21.13882396323018,-19.04977908778333,True,True,"7.51e+11,5.24"
NGC0247,26,4.632072011782525,2.276186588112877,107.27351224743303,58.35229152659617,113.56399493754044,62.12658114066062,48.921220720836864,51.437413796879824,False,False,"7.90e+11,5.17"
NGC0289,28,2.9412939358058354,2.3682875354253543,77.64976052353421,65.20718838563386,84.31078307441024,69.20380191615946,12.442572137900356,15.106981158250775,False,False,"9.66e+11,7.42"
NGC0300,25,0.6688419393552406,0.7086144390008743,23.376838787104813,21.589517658019233,29.471217911445816,25.246145132623838,1.78732112908558,4.225072778821978,False,False,"2.45e+11,9.18"
NGC0801,13,12.808819009387165,6.337326772967277,112.47055207509732,69.37326772967276,115.295298862405,71.06811580205738,43.097284345424555,44.22718306034763,False,False,"1.47e+12,8.08"
NGC0891,18,1.246118059188582,2.6551195655003417,26.199534769451567,45.826793482505124,30.65139355893239,48.49790875619362,-19.627258713053557,-17.846515197261226,True,True,"7.15e+11,26.85"
NGC1003,36,6.304672021471866,3.06162362731121,205.44483266562784,107.03357970126993,213.3624273579084,111.78413651663826,98.41125296435791,101.57829084127013,False,False,"4.06e+11,5.48"
NGC1090,24,2.91261251060158,5.442396433334055,65.33963770143002,120.29032510001517,71.22990685316975,123.824486591059,-54.950687398585146,-52.59457973788925,True,True,"5.43e+11,16.63"
NGC1705,14,0.9884055727970932,0.5128342600217929,18.89565015517384,11.641176860239721,22.09093680325013,13.558348849085498,7.254473294934119,8.532587954164633,False,False,"2.92e+10,30.00"
NGC2366,26,0.4140960138291277,5.4898067154843435,18.696016290411684,132.2655544561399,24.986498980519094,136.03984407020437,-113.56953816572823,-111.05334508968528,True,True,"3.55e+11,4.12"
NGC2403,73,18.549010409537164,4.959515462719306,1271.3327078485272,353.16608239035145,1282.7850050542693,360.03746071379663,918.1666254581758,922.7475443404726,False,False,"2.68e+11,18.49"
NGC2683,11,4.276134126740724,2.154133501639199,35.656804760444345,23.23306801311359,37.64628112443619,24.426753831508705,12.423736747330754,13.219527292927488,False,False,"3.32e+11,30.00"
NGC2903,34,22.039087805600357,11.389049415176553,649.1335463624104,359.06053187047314,656.7653489854912,363.63961344432164,290.0730144919372,293.12573554116955,False,False,"4.41e+11,30.00"
NGC2915,30,0.3191106651648205,0.8970406645594209,17.977766629120513,30.220097943104363,24.98375353743129,34.42369008809083,-12.24233131398385,-9.439936550659539,True,True,"9.21e+10,14.57"
NGC2955,24,3.041651125932661,114.04854327995342,67.79137139272056,2401.0194088790217,73.6816405444603,2404.5535703700657,-2333.228037486301,-2330.8719298256055,True,True,"8.11e+12,4.51"
NGC2976,27,0.4975853466560773,8.233213834762461,20.9468776264337,203.59713203429905,27.426061956455346,207.48464263231205,-182.65025440786536,-180.0585806758567,True,True,"1.00e+13,4.52"
NGC2998,13,2.006553723506673,0.7206509772157412,26.052429788053384,13.206509772157412,28.87717657536107,14.901357844542023,12.845920015895972,13.975818730819046,False,False,"1.12e+12,14.71"
NGC3109,25,0.2655720880408666,11.539549801556234,15.311441760817333,259.87009563423715,21.405820885158334,263.52672310884174,-244.55865387341981,-242.1209022236834,True,True,"2.65e+12,2.00"
NGC3198,43,3.551368490302248,3.5441146385821307,144.95200263148544,147.76458554328522,153.75800320995324,153.04818589036591,-2.8125829117997796,0.7098173195873301,True,False,"4.46e+11,16.35"
NGC3521,41,0.3002295848955312,0.05291521158940481,20.808265056239122,8.010778040397383,29.376125389760663,13.151494240510306,12.797487015841739,16.224631149250357,False,False,"1.05e+12,12.70"
NGC3726,12,3.8746627294333074,3.683564455534882,37.12263910603315,39.152080099813936,39.547172354973156,40.606800049177934,-2.0294409937807885,-1.059627694204778,True,True,"6.97e+11,9.54"
NGC3741,21,3.144381543560725,0.44737750419816685,60.3101046969716,14.052795075567003,65.53271688558871,17.186362388737273,46.257309621404595,48.34635449685144,False,False,"9.32e+10,5.11"
NGC3769,12,0.5727226741034354,0.6038685477663228,14.009058718724049,11.434816929896904,16.43359196766405,12.889536879260906,2.5742417888271447,3.5440550884031445,False,False,"2.03e+11,19.40"
NGC3877,13,0.7073495228665685,4.164543806619639,15.658796182932548,47.64543806619639,18.48354297024023,49.340286138581,-31.986641883263843,-30.85674316834077,True,True,"8.35e+11,15.66"
NGC3893,10,1.4983851029956878,0.9244349731714298,17.49192551497844,12.47104481220001,19.00485097994867,13.378800091182146,5.020880702778431,5.626050888766525,False,False,"4.68e+11,30.00"
NGC3917,17,1.0604947089462284,8.392452650642804,22.725936507354742,123.49433710899926,26.892003227635822,125.9939771411679,-100.76840060164452,-99.10197391353208,True,True,"1.10e+12,8.36"
NGC3949,7,0.1115772321841329,0.015358176392456594,10.223154464368266,6.0614327055698265,9.952705209644831,5.899163152735766,4.161721758798439,4.053542056909065,False,False,"9.63e+11,13.11"
NGC3953,8,0.67250223602817,0.07298760853494317,12.017506708084511,6.364938042674716,12.41471441648369,6.6032626677142225,5.652568665409795,5.811451748769468,False,False,"6.29e+11,22.64"
NGC3972,10,0.643291759707758,1.6924691212457932,13.21645879853879,17.84728384872055,14.72938426350902,18.75503912770269,-4.630825050181761,-4.025654864193671,True,True,"2.54e+12,6.98"
NGC3992,9,9.384369321713818,0.8048702071305752,47.53747728685527,10.82922124278345,48.523600173536366,11.420894974792109,36.70825604407182,37.10270519874426,False,False,"1.13e+12,15.74"
NGC4010,12,1.8768675882505597,3.7455318141038023,23.13807311775392,39.70978632693422,25.56260636669392,41.164506276298226,-16.571713209180302,-15.601899909604306,True,True,"1.04e+12,7.42"
NGC4013,36,2.782280186042998,3.717698238304206,96.25068576733294,128.68404186403882,104.16828045961348,133.43459867940715,-32.43335609670588,-29.26631821979366,True,True,"3.88e+11,30.00"
NGC4051,7,5.545030879690613,1.2292626307187038,21.09006175938123,10.917050522874815,20.81961250465779,10.754780970040756,10.173011236506413,10.064831534617035,False,False,"2.77e+12,3.69"
NGC4068,6,0.1883818063444714,4.938821279241785,10.188381806344472,20.816463837725358,9.147179152484746,20.19174224540952,-10.628082031380886,-11.044563092924776,True,True,"2.01e+12,2.00"
NGC4085,7,1.3831975578193465,6.52367901220672,12.766395115638693,32.09471604882688,12.495945860915258,31.932446495992817,-19.328320933188188,-19.436500635077557,True,True,"1.00e+13,5.81"
NGC4088,12,2.055436493046455,2.199166904204556,24.388055451325187,25.792502137841005,26.812588700265188,27.247222087205007,-1.4044466865158185,-0.4346333869398187,True,True,"5.04e+11,19.77"
NGC4100,24,6.092168026830366,0.7543492222277844,125.75119250977696,21.841333666783473,131.64146166151667,25.37549515782731,103.90985884299349,106.26596650368936,False,False,"3.64e+11,13.38"
NGC4138,7,2.875366844443707,1.7009439853372612,15.750733688887415,12.803775941349045,15.48028443416398,12.641506388514983,2.94695774753837,2.838778045648997,False,False,"1.84e+11,30.00"
NGC4157,17,1.3430755628779505,1.900389734864985,26.116906754535407,32.60545628810979,30.282973474816487,35.105096320278435,-6.4885495335743855,-4.822122845461948,True,True,"5.51e+11,25.21"
NGC4183,23,0.3285606217183607,0.4012756501491529,15.914091190930492,14.025513002983057,21.59156227057624,17.431995650770507,1.8885781879474344,4.159566619805734,False,False,"1.92e+11,14.69"
NGC4214,14,1.501596103337244,0.04964823808005844,23.514364930035196,6.5461306188806425,26.70965157811149,8.463302607726417,16.968234311154553,18.24634897038507,False,False,"4.43e+10,26.01"
NGC4217,19,0.8545548831677575,191.30067656722767,21.963768364348603,3066.8108250756427,26.685963260180806,3069.644142013142,-3044.847056711294,-3042.958178752961,True,True,"8.00e+11,2.00"
NGC4389,6,0.8111380807510005,11.596827690346357,10.811138080751,40.79048307103907,9.769935426891275,40.16576147872323,-29.97934499028807,-30.39582605183196,True,True,"1.00e+13,2.79"
NGC4559,32,0.3981358633846173,0.20067688725942132,20.749668311384667,11.819629730523218,28.0783478253833,16.216837438922397,8.93003858086145,11.861510386460903,False,False,"2.81e+11,13.33"
NGC5005,18,0.3612140703118963,4.28648469183086,14.695782914054652,70.2972703774629,19.147641703535477,72.96838565115138,-55.60148746340824,-53.8207439476159,True,True,"1.00e+13,10.11"
NGC5033,22,3.382669730218506,14.79551801105799,67.5053854137146,287.1148422101018,72.96059768050618,290.3879695701768,-219.6094567963872,-217.4273718896706,True,True,"8.58e+11,20.11"
NGC5055,28,103.7076006062437,4.554468135989713,2395.2748139436053,119.86170339974282,2401.9358364944815,123.85831693026843,2275.4131105438623,2278.077519564213,False,False,"6.21e+11,23.49"
NGC5371,19,15.94712332641586,4.254913773893056,233.25972656982202,74.07862038228889,237.9819214656542,76.91193731978821,159.18110618753315,161.069984145866,False,False,"1.06e+12,5.81"
NGC5585,24,34.61110301829132,6.080769041417436,667.6109573475351,133.69614986976615,673.5012264992748,137.23031136081,533.9148074777689,536.2709151384648,False,False,"3.56e+11,7.08"
NGC5907,19,12.952373194886803,3.178357826450719,191.33322472841525,56.853725223211505,196.05541962424743,59.687042160710824,134.47949950520373,136.3683774635366,False,False,"2.73e+12,3.21"
NGC5985,33,1.0711973991235066,1.5419431133121566,39.99352717545818,52.258293399364696,47.47606498279059,56.747816083764135,-12.264766223906513,-9.271751100973546,True,True,"1.84e+12,30.00"
NGC6015,44,6.230803745057912,12.412084588121596,253.00134605725856,514.8954681129854,261.9222942268499,520.2480370147402,-261.8941220557269,-258.32574278789036,True,True,"3.59e+11,24.98"
NGC6195,23,1.447034229552995,37.87958799529252,36.04661613195391,763.5917599058504,41.72408721159966,766.9982425536379,-727.5451437738965,-725.2741553420382,True,True,"1.00e+13,3.39"
NGC6503,31,1.51169976278621,1.91236780603902,49.30419383244146,59.546298569092556,56.47412985486719,63.848260182547996,-10.242104736651093,-7.374130327680803,True,True,"1.79e+11,15.94"
NGC6946,58,7.128384364018783,8.0497360421222,387.8043712929955,448.735482316721,398.1065863457276,454.9168113483603,-60.93111102372552,-56.810225002632706,True,True,"5.13e+11,21.31"
NGC7331,36,0.7223695129582834,0.7128196194877453,32.39345490170679,29.523047443095596,40.311049593987335,34.273604258463926,2.8704074586111936,6.037445335523408,False,False,"1.00e+13,2.97"
NGC7793,46,1.8301021480525328,1.4991923424342497,85.03418807015385,70.46527072467273,94.17739505259932,75.95119491414002,14.568917345481111,18.226200138459305,False,False,"1.38e+11,19.74"
NGC7814,18,1.800863988567974,14.836557146177226,33.41123185138366,228.5483571926584,37.863090640864485,231.21947246634687,-195.13712534127473,-193.3563818254824,True,True,"1.74e+12,10.23"
PGC51017,6,5.365729029500642,0.014241627130351825,15.365729029500642,6.042724881391056,14.324526375640916,5.418003289075221,9.323004148109586,8.906523086565695,False,False,"7.08e+08,9.93"
UGC00128,22,3.804982108864929,3.9061775648101196,74.68469585070379,80.21737373139227,80.13990811749537,83.49050109146722,-5.532677880688482,-3.3505929739718567,True,True,"4.67e+11,8.61"
UGC00191,9,2.834757049652409,4.4485062636418204,21.339028198609636,32.69103758185092,22.325151085290734,33.28271131385958,-11.352009383241285,-10.957560228568845,True,True,"1.41e+11,9.61"
UGC00731,12,0.578224263389734,0.3236899701994654,14.047569843728137,8.913209731795188,16.47210309266814,10.36792968115919,5.134360111932949,6.104173411508949,False,False,"1.30e+11,7.80"
UGC01230,11,0.5271721427020405,1.5266829807279712,13.163032856212244,18.213463845823767,15.152509220204095,19.40714966421888,-5.050430989611524,-4.254640444014786,True,True,"2.19e+11,11.28"
UGC01281,25,0.0835104648455087,1.6902679516448025,11.670209296910175,43.185894936185655,17.764588421251176,46.84252241079025,-31.515685639275482,-29.077933989539076,True,True,"3.41e+12,2.00"
UGC02259,8,0.925836726073438,0.7538412926059913,12.777510178220314,9.769206463029956,13.174717886619494,10.007531088069463,3.008303715190358,3.1671867985500306,False,False,"7.23e+10,20.58"
UGC02455,8,3.425595541953499,8.026287764848949,20.276786625860495,46.13143882424474,20.673994334259675,46.36976344928425,-25.854652198384244,-25.695769115024575,True,True,"1.51e+12,2.00"
UGC02916,43,2.4575377803271983,491.7537968236144,103.38643565243353,19676.151872944574,112.19243623090135,19681.435473291654,-19572.765437292142,-19569.243037060754,True,True,"8.67e+11,2.00"
UGC03205,48,1.2820663281928475,8.65771185392216,65.12885211229244,395.5970334264972,74.4848571668319,401.2106364592209,-330.4681813142048,-326.725779292389,True,True,"1.20e+12,10.05"
UGC03546,30,3.016321206270778,2.091101275598527,85.40803015676944,62.459734441160236,92.41401706508022,66.6633265861467,22.948295715609206,25.75069047893352,False,False,"9.10e+11,9.88"
UGC03580,47,5.353273635595479,48.80429239612642,234.83749269501013,2153.3888654295624,244.0882307035604,2158.939308234693,-1918.5513727345524,-1914.8510775311324,True,True,"1.08e+12,4.72"
UGC04278,25,1.50839831687921,1.7705963702867478,40.167966337584204,44.95312014630845,46.26234546192521,48.609747620913055,-4.785153808724246,-2.3474021589878475,True,True,"1.00e+13,2.11"
UGC04305,22,0.92800884283418,1.8817312913642688,25.77615032818106,41.75289453592111,31.231362594972637,45.02602189599605,-15.976744207740047,-13.794659301023415,True,True,"8.66e+09,9.65"
UGC04325,8,0.7670730093703367,4.48236693278588,12.30121902811101,28.4118346639294,12.69842673651019,28.650159288968908,-16.11061563581839,-15.951732552458719,True,True,"1.18e+11,18.82"
UGC04483,8,0.4154077522418659,1.232046400498048,11.246223256725598,12.16023200249024,11.643430965124777,12.398556627529747,-0.914008745764642,-0.7551256624049696,True,True,"5.64e+09,12.10"
UGC04499,9,0.159921800780718,1.4213958326150646,10.639687203122872,14.528374995690388,11.62581008980397,15.120048727699047,-3.8886877925675165,-3.4942386378950765,True,True,"1.51e+11,8.13"
UGC05005,11,0.0932959308506695,0.4252989592498883,10.559775585104017,9.402391673999107,12.54925194909587,10.596077492394219,1.15738391110491,1.9531744567016514,False,False,"7.63e+11,2.97"
UGC05253,73,7.17072707487213,250.5294865618265,497.60944109130486,17543.064059327855,509.0617382970468,17549.9354376513,-17045.45461823655,-17040.87369935425,True,True,"4.87e+12,5.92"
UGC05414,6,0.7290691842702187,2.9229120562473394,10.72906918427022,14.768736168742018,9.687866530410494,14.144014576426184,-4.039666984471799,-4.45614804601569,True,True,"7.23e+12,2.00"
UGC05716,12,5.414839477460952,2.4300329850652655,47.90387634222667,27.87029686558739,50.32840959116667,29.325016814951393,20.033579476639275,21.003392776215275,False,False,"9.20e+10,9.30"
UGC05721,23,0.7635687926133128,1.3438790530583447,23.74423826703963,32.87758106116689,29.42170934668538,36.28406370895434,-9.133342794127262,-6.862354362268963,True,True,"4.17e+10,30.00"
UGC05750,11,0.0956772303284814,1.9065902612968546,10.574063381970888,21.25272209037484,12.563539745962741,22.44640790876995,-10.678658708403951,-9.882868162807208,True,True,"7.17e+11,2.43"
UGC05764,10,4.107064494099786,8.58533273008767,30.535322470498933,66.09732911061369,32.04824793546916,67.00508438959582,-35.56200664011475,-34.95683645412666,True,True,"2.84e+10,17.75"
UGC05829,11,0.3428904118790163,0.7491378605551051,12.057342471274097,11.993102884440841,14.04681883526595,13.186788702835953,0.06423958683325637,0.8600301324299977,False,False,"2.98e+11,4.39"
UGC05918,8,0.0460196648824984,0.20537424788546796,10.138058994647496,7.02687123942734,10.535266703046675,7.265195864466847,3.111187755220156,3.2700708385798283,False,False,"3.36e+10,7.84"
UGC05986,15,2.02248523381507,10.58559006108449,30.2248523381507,133.0270807330139,33.76510334366175,135.1512313363205,-102.80222839486319,-101.38612799265876,True,True,"5.22e+11,11.16"
UGC06399,9,0.0519975502423845,1.3673939280679661,10.207990200969538,14.204363568407796,11.194113087650637,14.796037300416454,-3.9963733674382578,-3.6019242127658178,True,True,"2.45e+11,8.68"
UGC06446,17,0.3461791397937175,0.23801126080893287,14.154149677524611,9.33215765132506,18.32021639780569,11.83179768349371,4.821992026199551,6.488418714311981,False,False,"9.14e+10,14.43"
UGC06614,13,0.1261855182455682,1.7800611898801004,11.009484145964546,23.800611898801005,13.834230933272229,25.495459971185618,-12.79112775283646,-11.661229037913388,True,True,"7.42e+12,2.51"
UGC06628,7,0.0125241516073585,0.053595814605244395,10.025048303214717,6.214383258420978,9.754599048491283,6.052113705586917,3.8106650447937396,3.7024853429043656,False,False,"1.30e+10,10.42"
UGC06667,9,0.2128504552088932,1.9803480284045907,10.851401820835573,17.882088170427544,11.837524707516671,18.473761902436202,-7.030686349591971,-6.636237194919531,True,True,"4.22e+11,6.89"
UGC06786,45,2.4491273798694566,9.8481163582214,107.96509519477826,419.62088704529884,116.99840764362986,425.0408745146098,-311.6557918505206,-308.04246687098,True,True,"1.38e+12,16.28"
UGC06787,71,28.316385745080886,68.9859951180332,1878.8814591753385,4697.047668026257,1890.194858560545,4703.835707657381,-2818.166208850919,-2813.640849096836,True,True,"2.21e+12,11.57"
UGC06818,8,1.910222271011491,2.9868263738802074,15.730666813034473,20.934131869401035,16.127874521433654,21.172456494440546,-5.2034650563665625,-5.044581973006892,True,True,"3.95e+12,2.00"
UGC06917,11,0.2652055509084379,0.5878625578402695,11.591233305450627,10.702900462722155,13.58070966944248,11.89658628111727,0.888332842728472,1.6841233883252116,False,False,"3.37e+11,10.48"
UGC06923,6,1.7331515906979171,1.0162710558443147,11.733151590697917,9.048813167532945,10.691948936838191,8.424091575217108,2.684338423164972,2.2678573616210826,False,False,"3.45e+11,8.61"
UGC06930,10,0.0831359889410332,0.29963471897258015,10.415679944705166,8.09744303280806,11.928605409675397,9.005198311790199,2.318236911897106,2.923407097885198,False,False,"2.27e+11,11.88"
UGC06973,9,0.6361516063425543,0.13261122018520743,12.544606425370217,6.795667321111244,13.530729312051315,7.387341053119902,5.748939104258973,6.143388258931413,False,False,"1.11e+12,13.57"
UGC06983,17,0.4872363173737999,0.5821515922987259,15.846835808485599,14.150122292182163,20.01290252876668,16.64976232435081,1.6967135163034364,3.3631402044158705,False,False,"1.97e+11,14.84"
UGC07089,12,0.3211211572659163,0.4453935468907992,12.247848100861415,10.008541922017193,14.672381349801416,11.463261871381194,2.239306178844222,3.209119478420222,False,False,"3.81e+12,2.00"
UGC07125,13,0.2844584604224366,0.6877201217174833,12.275667683379492,12.877201217174832,15.100414470687177,14.572049289559445,-0.6015335337953402,0.5283651811277323,True,False,"9.35e+10,5.50"
UGC07151,11,1.0281410462341585,5.304918493287518,16.168846277404953,48.439347946300146,18.158322641396804,49.633033764695256,-32.27050166889519,-31.47471112329845,True,True,"1.06e+11,12.44"
UGC07261,7,0.0384849581184152,0.08466382318697098,10.07696991623683,6.338655292747884,9.806520661513396,6.176385739913823,3.7383146234889466,3.6301349215995726,False,False,"5.85e+10,16.62"
UGC07323,10,1.3121213614873666,1.752737908775121,16.560606807436834,18.26916536142585,18.073532272407064,19.176920640407985,-1.7085585539890147,-1.103388368000921,True,True,"1.00e+13,2.38"
UGC07399,10,0.9853042928257144,1.3180995137405844,14.926521464128573,15.226696596184091,16.439446929098803,16.134451875166228,-0.30017513205551793,0.30499505393257564,True,False,"1.47e+11,19.68"
UGC07524,31,0.640295832456381,0.9104798765126688,26.647691643865905,31.493436542354726,33.817627666291635,35.79539815581016,-4.845744898488821,-1.9777704895185266,True,True,"2.64e+11,6.05"
UGC07559,7,0.0739318914052972,0.7001609369392356,10.147863782810594,8.800643747756943,9.87741452808716,8.638374194922882,1.3472200350536507,1.2390403331642776,False,False,"7.40e+11,2.00"
UGC07577,9,0.1159102162378049,0.486708597168579,10.46364086495122,8.920251583011474,11.449763751632318,9.511925315020132,1.5433892819397457,1.9378384366121857,False,False,"2.44e+10,2.00"
UGC07603,12,0.2099316483079384,2.286404280182161,11.469521538155568,26.57763852163945,13.89405478709557,28.03235847100345,-15.108116983483882,-14.138303683907882,True,True,"6.51e+10,13.51"
UGC07608,8,0.1099650915909072,0.6106842113110817,10.329895274772722,9.053421056555408,10.727102983171902,9.291745681594914,1.2764742182173148,1.4353573015769872,False,False,"1.00e+13,2.02"
UGC07690,7,1.1681913673155713,0.7649284248884622,12.336382734631142,9.05971369955385,12.065933479907708,8.897444146719788,3.2766690350772922,3.168489333187919,False,False,"1.41e+10,30.00"
UGC07866,7,0.1278993887627762,0.07631023023180361,10.255798777525552,6.305240920927215,9.985349522802117,6.1429713680931535,3.950557856598337,3.842378154708964,False,False,"1.72e+11,3.71"
UGC08286,17,0.5134689410944288,3.4210133306159642,16.161627293133144,53.8941866286235,20.327694013414224,56.39382666079215,-37.73255933549036,-36.06613264737793,True,True,"7.92e+10,17.21"
UGC08490,30,0.2280288161852367,0.17711968570825684,15.700720404630918,10.782231514122934,22.706707312941695,14.9858236591094,4.918488890507984,7.720883653832296,False,False,"4.31e+10,26.98"
UGC08550,11,0.6604767566223129,1.500803254186968,13.962860539733878,18.006426033495742,15.95233690372573,19.200111851890856,-4.043565493761864,-3.2477749481651266,True,True,"2.85e+10,15.32"
UGC08699,41,2.029951361651664,5.279803806225277,83.07824901945989,206.63254463656054,91.64610935298143,211.77326083667347,-123.55429561710065,-120.12715148369205,True,True,"7.70e+11,14.84"
UGC08837,8,0.4410128974073046,10.822705178559138,11.323038692221914,60.11352589279569,11.720246400621093,60.3518505178352,-48.79048720057378,-48.63160411721411,True,True,"6.58e+11,2.00"
UGC09037,22,0.4589664534348779,1.3673011713612653,17.802429708392925,31.978722255864042,23.257641975184505,35.251849615938994,-14.176292547471117,-11.994207640754489,True,True,"1.31e+12,7.25"
UGC10310,7,0.098691760808415,0.9395005865260674,10.19738352161683,9.75800234610427,9.926934266893396,9.595732793270209,0.43938117551256006,0.33120147362318697,False,False,"1.13e+11,9.72"
UGC11455,36,3.168280193314505,17.405517805273572,108.21668599274966,580.3820875740279,116.1342806850302,585.1326443893962,-472.1654015812782,-468.998363704366,True,True,"3.26e+12,13.23"
UGC11557,12,0.3552553057649041,2.578268152602671,12.486787140354329,29.20441337342404,14.91132038929433,30.65913332278804,-16.71762623306971,-15.74781293349371,True,True,"4.36e+12,2.00"
UGC11820,10,18.75050809776692,1.0234926757538292,103.75254048883461,13.164448730276803,105.26546595380483,14.072204009258941,90.58809175855781,91.1932619445459,False,False,"3.10e+11,4.64"
UGC11914,65,1.0732769197888072,5.650208075970878,74.39661518732844,356.3129007101944,85.26855153680663,362.83606251988135,-281.91628552286596,-277.5675109830747,True,True,"6.62e+12,14.81"
UGC12506,31,0.6212656532729084,0.1599842428330655,26.15290698509562,10.479558799325833,33.32284300752135,14.781520412781273,15.673348185769786,18.541322594740077,False,False,"1.45e+12,20.56"
UGC12632,15,0.1831884883411109,0.3250662154965251,11.831884883411108,9.900794585958302,15.372135888922159,12.02494518926493,1.9310902974528066,3.3471906996572294,False,False,"1.05e+11,8.47"
UGC12732,16,1.2774108566747089,0.471394466400737,24.051519423421798,12.12812806320958,27.914463034620702,14.445894229928925,11.923391360212218,13.468568804691778,False,False,"2.80e+11,6.50"
UGCA281,7,0.2746476130189547,2.4346415891579003,10.54929522603791,15.738566356631601,10.278845971314475,15.57629680379754,-5.189271130593692,-5.297450832483065,True,True,"1.83e+10,11.36"
UGCA442,8,1.6126819780993855,5.713572928889116,14.838045934298156,34.56786464444558,15.235253642697336,34.80618926948509,-19.72981871014742,-19.57093562678775,True,True,"7.18e+10,7.49"
UGCA444,36,0.1999449401168677,0.14188970925844882,16.198293143622898,10.682360405528811,24.115887835903447,15.432917220897142,5.515932738094087,8.682970615006305,False,False,"1.79e+12,2.00"
