galaxy,chi2_red,n_points,upsilon,upsilon_err,lambda_grav,lambda_err,V_base,V_base_err,r0_base,r0_err,beta_light,beta_err
CamB,0.3715893285529254,9,0.3,0.0,0.5000000000000001,1.045452326781159,330.1507272210069,34803.53833161407,29.99999271691243,3174.557393594005,0.005,0.0
D512-2,inf,4,0.3,inf,1.5749882607594297,inf,40.24315142596569,inf,1.3860629381446596,inf,0.005,inf
D564-8,0.0677825630510778,6,0.3,0.0,2.3679429920508666,63.49382735214195,27.951118562191482,18.831655309831884,1.724750636855366,1.0390941430491272,0.005,0.0
D631-7,0.3809583076671412,16,0.3,0.0,29.999859978218353,3083.5059182239365,72.29994416155938,17.478210312042847,5.183478029941268,0.7083079016500208,0.005,0.0
DDO064,0.4251054143144635,14,0.3,0.0,2.654484874808524,22.099660265957574,55.15913105899848,27.692943388869647,1.7190399936311802,1.1212644293870984,0.005,0.0
DDO154,2.015620477425539,12,0.3,0.0,29.999985898234947,1562.62524703591,49.06112899894581,5.520773702781085,2.2942224231478745,0.39001187258776476,0.005,0.0
DDO161,0.9393695523682838,31,0.3,0.0,9.808463989756996,9.959434260256108,69.51354765291644,4.430165938853473,6.264690731025524,0.368691424866674,0.005,0.0
DDO168,5.379064368517218,10,0.3,0.0,9.108332797041257,1885.3425982116723,69.29393428391688,225.7929711032985,3.171379421746235,8.33468326788403,0.005,0.0
DDO170,0.9746195619264811,8,0.3,0.0,2.2563616563440485,1.5436821451281426,64.42429269548326,1.1711407630858088,3.951250624843126,0.293442032965332,0.005,0.0
ESO079-G014,1.3496529994497268,15,0.6,0.0,5.0157753705725545,28.610479265970245,194.48805465811608,15.510751069729375,6.921753086245965,0.8367403795091987,0.005,0.0
ESO116-G012,1.9490960196387266,15,0.6,0.0,10.802694371405382,36.25531742697433,111.1613810903091,5.282406922866999,2.513338259382489,0.26824023946899067,0.005,0.0
ESO444-G084,5.848566576173297,7,0.3,0.0,29.999963489560393,20955.78647722632,62.49483884853707,25.14055846784693,1.2276817230877781,0.8192733652938352,0.005,0.0
ESO563-G021,9.071111297484567,30,0.6,0.0,0.5899253484612702,1.8848000141023654e-14,337.6993901116686,7.623735366678381,6.87846961609526,0.3982550670266894,0.005,0.0
F561-1,0.10857443253127659,6,0.3,0.0,2.3031580037950854,9.913922898658532,52.453834025101486,12.796212953725224,2.920493717736321,1.0609442555198136,0.005,0.0
F563-1,0.5463688736640335,17,0.6,0.0,1.6788170409047278,26.963865828936008,111.753048798527,3.6402043985093253,3.677883180539482,0.37030087396550176,0.005,0.0
F563-V1,0.535851274441402,6,0.3,0.0,2.648236398914101,33.92850407982586,29.47066938071273,53.597919909925395,2.749022934206124,6.278796429039897,0.005,0.0
F563-V2,0.2251562923270128,10,0.6,0.0,1.4983503446076245,49.81439159453506,125.67424507762013,26.954402650172828,2.689717089787791,0.6231869249098495,0.005,0.0
F565-V2,0.07007743926479687,7,0.6,0.0,2.8079999451165425,22.388584687292553,95.20689787531849,23.453304327928034,5.244669978019178,0.9596911322796668,0.005,0.0
F567-2,inf,5,0.3,inf,0.5000843143077123,inf,53.7048459062422,inf,2.7312284680874406,inf,0.005,inf
F568-1,0.049002355869772855,12,0.6,0.0,0.6718977502500109,157.79809762345448,141.23303592243298,1.6711403977564583,3.8128966390048915,0.12025140390734196,0.005,0.0
F568-3,0.7801338345485129,18,0.6,0.0,1.7094316485270231,26.739524488910803,120.4978461176846,7.408244721101469,5.88712025127445,0.45526466365625445,0.005,0.0
F568-V1,0.0668161932357623,15,0.6,0.0,2.0226068918441924,15.47340315926903,120.41583013287777,4.0341055899372575,2.745121193812705,0.20700073150597192,0.005,0.0
F571-8,3.01112885132992,13,0.6,0.0,29.9998778028027,7032.163309503917,144.08749473701076,14.260890994153227,4.0725431122674545,0.7541063362573485,0.005,0.0
F571-V1,0.047872239158028775,7,0.6,0.0,8.089704220443174,19.58276731269263,87.13235680294989,8.735037350368994,4.765627304354436,0.763319610979755,0.005,0.0
F574-1,0.030138058826389022,14,0.6,0.0,7.385975040904827,3.110092743730295,100.5851599229725,0.7382099192812955,3.075061461480396,0.06073061757026752,0.005,0.0
F574-2,inf,5,0.3,inf,16.103245739634104,inf,32.9091679982482,inf,4.879934749663518,inf,0.005,inf
F579-V1,0.047361350729512114,14,0.6,0.0,29.99999992617626,103.50255737335183,109.5866986742185,1.139770265000461,1.277720999672069,0.06154422045520828,0.005,0.0
F583-1,0.11079452645883092,25,0.6,0.0,2.532537715650731,3.9424173047934326,90.86998005151187,2.422553220838758,4.487869706383762,0.1833802063083415,0.005,0.0
F583-4,0.5379772531474262,12,0.3,0.0,29.999979423426947,1725.0828147518469,65.27490118153304,3.3233583080130855,1.9287214667709984,0.27850570528346563,0.005,0.0
IC2574,3.9668852554250007,34,0.3,0.0,29.999996284428562,421.960672642432,68.10170244461641,8.299331691056153,6.58707877776024,1.1025843481619628,0.005,0.0
IC4202,3.3524241686386356,32,0.10000000000000002,0.739284243979789,4.632875624811906,18.00973427164786,255.33204952697113,14.070359113179562,4.000187590554143,0.9012138138592697,6.949910588899277e-05,66.26772084282821
KK98-251,0.3296342908679308,15,0.3,0.0,29.99987728458083,9852.781872892785,41.40657434540955,39.7990241339099,2.7446405950236015,2.717959445346228,0.005,0.0
NGC0024,0.24028967725631856,29,0.6,0.0,1.4801865677054948,3.771919572823576,108.40167360082187,1.1656853842037542,1.0413376519200583,0.032394618556941944,0.005,0.0
NGC0055,0.30878374566954353,21,0.6,0.0,29.999990851574626,211.5456910637244,86.06245940175957,7.832272315557254,5.117967241539689,0.6062562731360724,0.005,0.0
NGC0100,0.09273892054962088,21,0.6,0.0,29.999999307896708,382.19131571348413,90.15215720577129,1.8226475825660342,3.0561505045480715,0.12082546971726515,0.005,0.0
NGC0247,4.632072011782525,26,0.6,0.0,29.99999774188137,235.65445224474016,87.456530691688,2.7510119405577917,2.6712084936957816,0.1878557623174175,0.005,0.0
NGC0289,2.9412939358058354,28,0.3,0.0,3.4520731430761966,21.51667161822237,173.79158254331088,2.7096402724870132,0.5000000815028985,1.3287106898744423,0.005,0.0
NGC0300,0.6688419393552406,25,0.6,0.0,29.999999334578487,317.20047664879274,94.20066032119641,3.1980516922492064,2.689798458276812,0.19645956434883877,0.005,0.0
NGC0801,12.808819009387165,13,0.6,0.0,5.900533364367765,55.71104080713219,222.04035901643667,7.760808889690585,1.3786120016426686,0.2603640660925468,0.005,0.0
NGC0891,1.2461180591885819,18,1.999999999999999,0.7269625192587895,7.681595671708505,2.087304672059715,168.2716149737332,43.130846872182154,0.5000000000000152,0.3421849042318412,3.1059511102618297e-15,93.16046247036613
NGC1003,6.304672021471866,36,0.6,0.0,1.7158241909097438,11.241736230641916,107.6944314007087,1.4107612790587645,3.903333011077751,0.7569095415360534,0.005,0.0
NGC1090,2.91261251060158,24,0.6,0.0,5.875123166859971,16.335249794368874,165.57247241510603,5.050608073266782,2.783657633929055,0.29078977621316665,0.005,0.0
NGC1705,0.9884055727970933,14,0.3,0.0,1.2801192347935657,6.465364009347414,73.4703285490594,4.486965665614474,0.5000000000000029,0.11287366531962065,0.005,0.0
NGC2366,0.41409601382912775,26,0.3,0.0,2.7822115176376454,6.384778995597495,53.75396579521223,11.28305048411484,2.1380432749183234,0.5558070892148815,0.005,0.0
NGC2403,18.549010409537164,73,0.6,0.0,29.999999890389205,48.91833743674465,122.70352502826303,1.2171487348707632,1.3397715437716027,0.05522964650925392,0.005,0.0
NGC2683,4.276134126740724,11,1.9999999999999998,3.3885937745669263,6.519469135203268,5.2287941012282735,164.8472017270432,37.260986002211446,0.5000003361156902,7.754863549885016,0.09997373233731702,966.7244091971043
NGC2841,1.2386998593906018,50,1.9999999999999636,0.3549235087384027,6.400921797527368,0.5396409111459637,278.62680126696006,5.209288198575349,0.5000000000002083,1.319088089482895,0.09999999999999241,85.34393548262928
NGC2903,22.039087805600353,34,0.6,0.0,3.9737706052660076,18.087697304400884,199.5535671696873,5.094667951718119,0.8613219536898845,0.23195711663145183,0.005,0.0
NGC2915,0.3191106651648205,30,0.6,0.0,1.815451133664675,10.96896783849308,84.9176744597606,3.197822474298996,1.564263953309325,0.14590594720163455,0.005,0.0
NGC2955,3.0416511259326615,24,1.9999999999991351,6.913181323041218,0.5000000000000001,1.6040359485142928,261.51353602763663,10.922484650377841,1.0959589895216262,0.9062994111168219,0.09999999999999999,43.158257661526875
NGC2976,0.4975853466560773,27,0.6,0.0,29.992754542559865,8865.946420749362,117.70091682913585,22.477969074128822,2.064341754830318,0.45916156049028056,0.005,0.0
NGC2998,2.0065537235066735,13,0.6,0.0,13.293624349350557,17.833943478748097,209.59089787665812,5.748514910085395,1.3780017573224628,0.2838674384971842,0.005,0.0
NGC3109,0.2655720880408666,25,0.3,0.0,29.999999199530006,1165.6606020627692,74.86090057081942,5.847093090904827,3.885259601880398,0.3432307007842874,0.005,0.0
NGC3198,3.5513684903022478,43,0.6,0.0,6.658853916344539,7.771767256384972,152.73443111019336,2.022149359189299,2.859517833357949,0.19444540996055373,0.005,0.0
NGC3521,0.3002295848955312,41,0.6,0.0,1.8459094653355121,11.673123420838706,215.13538973619376,1.54669742418051,0.5944478420322519,0.03287404320058726,0.005,0.0
NGC3726,3.8746627294333074,12,0.6,0.0,3.226974794960751,19.059505336638615,165.14807498843496,9.170522108231562,3.8850675494643716,0.804632656005743,0.005,0.0
NGC3741,3.144381543560725,21,0.3,0.0,29.99999997193865,2864.4502366902184,48.668102910010205,7.206465591036791,2.1319969942748602,0.541614623962052,0.005,0.0
NGC3769,0.5727226741034354,12,0.6,0.0,9.574994031705915,27.929519758920737,119.11062131710301,6.4535968942379,1.660361863214314,0.3913976128193693,0.005,0.0
NGC3877,0.7073495228665685,13,0.6,0.0,2.630296526457431,27.78525935505822,179.98631415491337,11.946481683209145,2.990592613461909,0.35639838580432903,0.005,0.0
NGC3893,1.4983851029956878,10,0.6,0.0,4.173985298504285,14.718171433756769,187.82057077737085,9.369990165313807,1.3992708348348035,0.29310497982061934,0.005,0.0
NGC3917,1.0604947089462284,17,0.6,0.0,3.0406387449014036,18.12162972072628,147.48549365724284,8.198198826776666,4.2370470152183355,0.3665477736902322,0.005,0.0
NGC3949,0.11157723218413299,7,0.6,0.0,0.5806725604797502,9.414184060586663,168.6733040166501,2.683179777783066,1.6184912338425497,0.07588914208330079,0.005,0.0
NGC3953,0.67250223602817,8,0.6,0.0,1.7692416789992635,136.82217540712028,229.07159859305506,6.514606377021785,2.653232873622674,0.3745093002130031,0.005,0.0
NGC3972,0.643291759707758,10,0.6,0.0,29.99999875698003,928.234387446236,135.5336207527182,6.7573711090195845,2.9782198886733373,0.32621732558151484,0.005,0.0
NGC3992,9.384369321713818,9,0.6,0.0,12.017670272966194,119.62734659128549,254.80676210405193,23.029244092758784,0.5000000932394932,23.229303207260212,0.005,0.0
NGC4010,1.8768675882505594,12,0.6,0.0,8.290738852276565,69.67696067275837,134.14870584035643,23.71297425325022,4.176541826624465,1.21313550614355,0.005,0.0
NGC4013,2.782280186042998,36,1.9999999999999998,2.928146880348025,3.656576735466763,1.6048645964937545,173.67962747408936,17.55494936404111,0.5000000000000574,6.008082536659824,0.09999999139505855,249.36110953814705
NGC4051,5.545030879690613,7,0.6,0.0,5.008922045694194,63.86383816945192,161.80287944085273,27.450834500835942,2.618594350903176,1.6137608539282593,0.005,0.0
NGC4068,0.1883818063444714,6,0.3,0.0,0.7409859321592668,1.8332618716118203,66.96063826912541,25.90952131334465,3.0903895984690917,1.1021214946783586,0.005,0.0
NGC4085,1.3831975578193465,7,0.6,0.0,1.651000901251609,30.436371671734907,150.6631697817117,25.929331184854558,2.6385463211654114,0.5548490448645658,0.005,0.0
NGC4088,2.055436493046455,12,0.6,0.0,4.498474219724318,14.799137204707154,175.82174043068707,11.14335176295281,2.57328738193534,0.5917673456674625,0.005,0.0
NGC4100,6.092168026830366,24,0.6,0.0,4.720137371898317,65.402314155347,185.21551117669077,16.74722855541284,1.8259194921532185,0.9777353675364786,0.005,0.0
NGC4138,2.875366844443707,7,1.9999999999999998,5.531300766675628,4.030487838743966,21.67191725459042,145.7758582121313,66.73671006954478,0.5000000000000001,10.47656468107461,0.09911689147737204,2125.3371781357628
NGC4157,1.3430755628779505,17,1.9999999999987639,3.9180510167109106,5.083063111430605,4.776455850984677,183.31527282076368,14.891978671410985,2.9100299044517755,2.537968244805749,0.09999999999956218,396.00275499165895
NGC4183,0.32856062171836076,23,0.6,0.0,7.931107550178076,7.38372177144939,108.9316474776223,3.3412999988451286,2.4513826100132388,0.22460434364835788,0.005,0.0
NGC4214,1.501596103337244,14,0.6,0.0,0.5000000558246039,3.342196572555846,79.89854707451204,2.9882237164876324,0.500000000351994,0.13077299460058772,0.005,0.0
NGC4217,0.8545548831677575,19,0.7208805847672602,0.3346612938952248,4.800008926002096,3.869656218435691,170.8871301936952,32.223267671459865,3.160512917812524,1.1686188050199195,8.29418551047986e-06,24.682588152571107
NGC4389,0.8111380807510005,6,0.6,0.0,0.7372251639796825,42.89652699525249,142.00130011138867,44.84442609866027,4.717345690495985,3.7242816109503467,0.005,0.0
NGC4559,0.39813586338461737,32,0.6,0.0,0.5064865107082523,35.31637125118465,123.46651351695989,0.7856802313967467,2.7338336392332194,0.17898918875468528,0.005,0.0
NGC5005,0.36121407031189634,18,1.999999999999999,20.47795702647575,0.5000000000000001,0.8284236482115807,258.6565750612,9.03462719733366,0.7797125208998305,1.3732057996676863,1.546331394071901e-18,97.16281967570285
NGC5033,3.382669730218506,22,1.1576297180048132,0.21994382057522893,14.364957431198933,3.019449256221186,163.67699086543112,24.881769553222124,0.5000000000000012,0.47502208112490785,0.09999999999999509,100.0059800094393
NGC5055,103.7076006062437,28,0.6,0.0,9.438146126230293,23.412580164216802,196.32901043564055,4.062881145833211,0.5000000003948926,0.9652526545893209,0.005,0.0
NGC5371,15.94712332641586,19,0.6,0.0,14.055380670976874,32.46238816020801,223.25084064903496,5.94302300490001,0.5438435097902125,0.808318283165659,0.005,0.0
NGC5585,34.61110301829132,24,0.6,0.0,29.99999078711913,580.3659666222455,82.77264471496676,8.12403258822682,1.7835826629360498,0.3581271790552764,0.005,0.0
NGC5907,12.952373194886805,19,0.3,0.0,6.805572017379151,26.308841854690602,221.19871127303952,5.820631459531593,0.5000001567726093,4.826566544923824,0.005,0.0
NGC5985,1.0711973991235066,33,1.9999999998066944,0.9463056809384471,5.428454426164434,1.4892240268268886,289.4851326005755,6.329106737836484,3.5935763026032226,0.5353506653454858,1.0480940942246274e-10,208.06899511584837
NGC6015,6.230803745057912,44,0.6,0.0,0.5000183192508503,1685.0720187008715,158.86958308255387,1.625416786176185,1.6369335643518632,0.08231410085872296,0.005,0.0
NGC6195,1.447034229552995,23,1.9999999999997362,3.9317456335556202,1.0953742237587898,0.4351259384835923,246.49154002604172,7.508858237209652,1.2855695052737002,0.8393437803876511,0.09999999920784258,48.03040037291337
NGC6503,1.51169976278621,31,0.6,0.0,2.892523084722809,3.168717606086125,116.26732571490555,0.8673583756561958,0.6711196381047462,0.11721912059410923,0.005,0.0
NGC6674,4.22964859804024,15,1.9999999999999856,1.9350207159610493,7.800068886884045,1.7672095449258554,238.25201662866226,16.504856514877645,2.2794966282482356,6.220431550412745,0.09999999999995235,440.2855030448942
NGC6789,inf,4,0.3,inf,0.5000000106413007,inf,87.9696298651047,inf,0.8239568636655927,inf,0.005,inf
NGC6946,7.128384364018783,58,1.9999999999999998,0.9342159176150302,10.66904195500087,2.326171664509638,134.02623505628293,19.77049283774463,0.9947042828681002,0.9970646387509476,0.09999999999999999,141.01811048015676
NGC7331,0.7223695129582834,36,1.9999999999999998,0.9140610364276043,3.343630570712468,0.539642489511978,236.74405449455782,5.5141098048242565,0.5000000000000001,0.9154878071502759,0.09999999999999999,122.69165770612392
NGC7793,1.8301021480525332,46,0.6,0.0,29.999828811176723,616.216789335703,95.89577541880789,3.0369460809308886,0.8886006598657434,0.0788245112248928,0.005,0.0
NGC7814,1.800863988567974,18,1.7334281883040679,0.7547062761889315,1.893626380984664,0.7237712330839586,214.7792749333958,13.859641106959504,0.5000000000000001,0.2840093643985588,3.2757431746836735e-41,105.9961490801668
PGC51017,5.365729029500642,6,0.3,0.0,0.6647155264928182,2.5260692666544085,19.01277858991229,5.9921619315922445,0.5000000000678547,0.617798039598686,0.005,0.0
UGC00128,3.804982108864929,22,0.6,0.0,29.99999991170492,18.847917122246717,127.22663969657667,1.9018567539707982,5.84200980537482,0.5091590469430816,0.005,0.0
UGC00191,2.834757049652409,9,0.6,0.0,0.5000000070762523,16.565514698294667,83.31031298487056,1.0016512495877814,1.7503480648822602,0.20569331572538965,0.005,0.0
UGC00634,inf,4,0.6,inf,26.46323709671175,inf,109.50876203414226,inf,5.749852548103761,inf,0.005,inf
UGC00731,0.578224263389734,12,0.3,0.0,29.999999568584315,91.92044664972472,66.23115551259049,1.7270404569557705,2.0273513210175165,0.15544177900782596,0.005,0.0
UGC00891,inf,5,0.3,inf,2.3416083561834897,inf,73.95236062876675,inf,4.4903886401596145,inf,0.005,inf
UGC01230,0.5271721427020405,11,0.6,0.0,6.3201606119213825,21.34970348032004,108.22128449117106,7.368396545282933,3.2306333384014705,0.5817323767339125,0.005,0.0
UGC01281,0.08351046484550878,25,0.3,0.0,3.4102513753686607,15.305505705395252,65.87163515554654,13.119773891466629,2.913141819546181,0.6849136384848319,0.005,0.0
UGC02023,inf,5,0.3,inf,0.5434713869263094,inf,107.88735964139192,inf,5.945886784862916,inf,0.005,inf
UGC02259,0.925836726073438,8,0.6,0.0,29.99998919615634,394.83281082823663,84.24192958222231,1.812479637188707,1.18537093526164,0.14039558303984503,0.005,0.0
UGC02455,3.425595541953499,8,0.3,0.0,29.999978700245226,6615.809677150687,59.42363965259155,66.41670200968322,3.0514606628106273,4.3768765661700275,0.005,0.0
UGC02487,8.736638475306332,17,1.9999999999999998,0.6463002147493793,13.199021373159184,3.5991873959882987,315.98875647697736,15.44857029296726,0.5000000000000001,50.89777314541346,0.09999999999999999,194.33075312201018
UGC02885,2.3503055891241442,19,1.9999999126721446,48.805521078168134,0.6817386295118723,1.5361787311362853,285.8063789960222,10.774341377286952,0.5000000004249646,7.452473479037129,1.0924010279066151e-05,154.0037925913572
UGC02916,2.4575377803271983,43,1.9999999999999998,4.696917938591856,0.5912339196875482,0.3262948476958075,213.2144781593825,1.784755573777868,0.5000000000000001,0.3807281690669063,0.03526251039620692,4.093963782355186
UGC02953,10.617201149312818,115,1.9999999999999998,0.12538349219509337,7.930415211716041,0.3995457949311946,262.16897083116356,2.954355605288098,0.500000000000002,0.04703133606777849,0.09999999999999999,10.683246170718446
UGC03205,1.2820663281928477,48,1.6196057387941905,0.2254951273141269,4.281806669226481,0.4793998476292588,211.34588051988962,1.4558234626367654,1.3914085594484944,0.17059432208554426,0.08284345485932332,3.0953648834838265
UGC03546,3.016321206270778,30,1.3175687078988243,0.9885905727980451,2.3367578432160707,0.574789849080719,199.27225145490848,4.074724405724884,0.5000000000000001,0.46194152430624874,0.09999999999999999,34.45058529385891
UGC03580,5.353273635595479,47,1.9999999999999998,0.2875080631077195,1.6833026324919276,1.0491879583152253,123.34811134924966,3.6194109971425465,4.4685826269192965,1.963923728039673,1.2994104167263858e-05,1.4628881059208139
UGC04278,1.50839831687921,25,0.6,0.0,29.99997932500268,514.7839814020464,97.18460610067903,8.2077298012967,4.221611553397333,0.6146907868672746,0.005,0.0
UGC04305,0.92800884283418,22,0.3,0.0,0.6581815034988141,1.7578432664647703,35.536387724203614,2.072837705242852,1.109494256768246,0.1779220945621274,0.005,0.0
UGC04325,0.7670730093703367,8,0.6,0.0,1.3389294564583603,5.7264789174763155,96.08321509704108,7.802496672470241,1.3781653251173565,0.187583967242163,0.005,0.0
UGC04483,0.41540775224186594,8,0.3,0.0,0.5000000075707838,3.36302902293864,24.981366720119752,15.384663188189352,0.5016865839190683,0.3173644965170811,0.005,0.0
UGC04499,0.15992180078071802,9,0.3,0.0,29.999999602074258,155.89109367030997,69.73042602857923,1.9981944464211643,2.2235909527352193,0.1549063432319571,0.005,0.0
UGC05005,0.09329593085066952,11,0.6,0.0,29.99999811926323,102.34297136435679,98.19509882941902,8.876563746074124,7.800208486715069,1.1391644220635602,0.005,0.0
UGC05253,7.17072707487213,73,1.9999999999998945,2.072861300251673,0.7967011787587905,0.3003994550468469,244.1901785496044,2.7387978955603116,0.5000000000001631,0.12803604529456591,0.09999999999999203,14.262213322611462
UGC05414,0.7290691842702187,6,0.3,0.0,0.5000000031286482,1.8183730973044272,69.85129521969913,3.7109872773889796,2.389323285648604,0.39682692662388924,0.005,0.0
UGC05716,5.414839477460952,12,0.3,0.0,29.999999502057467,150.64537738404655,68.88847004528526,2.713173133653843,2.504998112799518,0.3327906772967533,0.005,0.0
UGC05721,0.7635687926133128,23,0.6,0.0,1.9562197772533412,6.5281627421044295,79.71342898849338,5.132160047513759,0.6381725429931905,0.10062927669493875,0.005,0.0
UGC05750,0.09567723032848148,11,0.3,0.0,6.083470700679077,141.2249773693546,87.05941261263014,73.67297362826864,7.201265456536145,6.314197993566609,0.005,0.0
UGC05764,4.107064494099786,10,0.3,0.0,1.683040982887477,4.358459315655895,56.37693129712952,6.871214228035641,0.9969632385037049,0.2675306036651158,0.005,0.0
UGC05829,0.34289041187901637,11,0.3,0.0,29.999999989924536,367.28765716438386,59.300432950989716,5.948718317265882,2.8197629330966474,0.5422910957240541,0.005,0.0
UGC05918,0.04601966488249846,8,0.3,0.0,29.99999976019914,843.6005292224394,42.63868638648073,1.3451088862998202,1.3608491038592774,0.09939010014384114,0.005,0.0
UGC05986,2.02248523381507,15,0.6,0.0,4.051211486937847,24.619563411849608,122.62903304228251,11.834785181940555,2.6159336431030122,0.442582656128003,0.005,0.0
UGC05999,inf,5,0.6,inf,4.6522545007526945,inf,108.57293037994157,inf,7.141810441385394,inf,0.005,inf
UGC06399,0.051997550242384595,9,0.6,0.0,3.366021960603546,7.518446931052705,93.08016353707231,5.903764267606404,3.107487663109655,0.3108442578788063,0.005,0.0
UGC06446,0.3461791397937175,17,0.6,0.0,29.99999573078772,163.469487041731,77.12228956126617,1.6257155078434478,1.391291223199335,0.12555972604266846,0.005,0.0
UGC06614,0.12618551824556823,13,1.1416689625327032,0.16807873571207577,3.7932113954015083,1.6303811879338044,210.44068690351983,5.9965098869075115,11.811895436616963,4.430120330743803,0.09999999999977155,13.861116689671631
UGC06628,0.012524151607358569,7,0.3,0.0,0.5000000226400487,4.656023196995147,43.421302627959555,0.5245611497380154,1.3470040745558038,0.09820423558722213,0.005,0.0
UGC06667,0.21285045520889326,9,0.6,0.0,6.3566925874724465,19.348844506843868,90.06874473228203,6.166672568971306,3.028109606461312,0.3360037559442565,0.005,0.0
UGC06786,2.4491273798694566,45,1.9999999992784983,2.1685215473149695,0.6716457179416258,0.6294740358829556,226.05008239464283,0.9144519695611262,1.4084281907525624,0.1965509112547505,1.2979583786588541e-05,2.4138233498859276
UGC06787,28.316385745080886,71,0.3219652400689854,0.25047567751942085,4.156555809668827,2.7724699330257545,236.49461962358606,4.647783714474244,0.5000000000000001,0.19281455203585127,4.267205781665008e-08,9.448411138251101
UGC06818,1.910222271011491,8,0.3,0.0,5.831258817678373,299.37833821199365,96.15595132557014,157.37065935864936,5.7920026615873885,10.936435417438206,0.005,0.0
UGC06917,0.26520555090843795,11,0.6,0.0,29.999999670717017,196.0104200592609,106.63919639139796,2.200908430832676,2.701631305892625,0.1532895195853178,0.005,0.0
UGC06923,1.7331515906979171,6,0.6,0.0,2.326118351691853,41.094453280673484,86.68570785955508,71.1907781490893,2.1660363220863244,2.425593699533675,0.005,0.0
UGC06930,0.08313598894103326,10,0.6,0.0,17.079399242344017,14.530757987424392,103.99689852236264,1.8373723115022647,2.688178013728865,0.17934310789851407,0.005,0.0
UGC06973,0.6361516063425543,9,1.9999997641127314,46.134068896339365,0.6155341396924475,1.6550298462534994,174.06157709356225,10.139060673268887,0.5694378575836451,3.021721599389415,2.8849589018850276e-08,142.0784018515627
UGC06983,0.4872363173737999,17,0.6,0.0,12.816082656886127,16.54663959015358,106.69114785007922,2.5775603445177198,2.2418777290824288,0.22842364221047004,0.005,0.0
UGC07089,0.32112115726591633,12,0.3,0.0,29.999998577322227,539.0596322013345,77.06583549278557,6.187382682397733,3.7913084996295634,0.5275113527231032,0.005,0.0
UGC07125,0.2844584604224366,13,0.3,0.0,13.060899382351154,3.948923916506924,59.53818676317321,1.3999008748608728,3.4359155703890227,0.2697321479110213,0.005,0.0
UGC07151,1.0281410462341583,11,0.3,0.0,0.5000000073791029,3.737742631575095,75.9456033141234,1.9915029037692842,1.389955221933658,0.10092067792781693,0.005,0.0
UGC07232,inf,4,0.3,inf,29.999997440890592,inf,58.96740693866905,inf,0.8397349037539551,inf,0.005,inf
UGC07261,0.03848495811841522,7,0.3,0.0,11.467084279343167,15.450672276925236,72.20504969406565,0.9477862822257421,1.117542107896918,0.05791596539894624,0.005,0.0
UGC07323,1.3121213614873666,10,0.6,0.0,29.99999465864076,1864.5443257819463,90.60162506378992,14.191228581612041,3.1700965780280197,0.8154080870902524,0.005,0.0
UGC07399,0.9853042928257143,10,0.6,0.0,0.5000000096440266,3.7576620731427623,101.07168814734321,1.9206849074708237,1.2323370247721444,0.09793628345745978,0.005,0.0
UGC07524,0.640295832456381,31,0.6,0.0,29.999999614662133,122.30548554964014,77.45614009786523,2.2658852243523793,3.1573427962336447,0.20226713041636338,0.005,0.0
UGC07559,0.07393189140529724,7,0.3,0.0,0.5000000038235018,1.804202229076828,38.43886167628978,2.8579114400785053,1.6165042539737022,0.186646305979471,0.005,0.0
UGC07577,0.11591021623780497,9,0.3,0.0,0.5000000000000001,0.9180911775175754,30.515514313361496,11.106362058900034,2.560203710859828,1.0466647842219392,0.005,0.0
UGC07603,0.20993164830793848,12,0.3,0.0,3.7364676478174346,14.211115606354587,64.29976103939566,3.582836016192243,1.1418839633352287,0.11347584191187478,0.005,0.0
UGC07608,0.10996509159090721,8,0.3,0.0,29.99999349128893,1848.323847119226,73.41086357203943,8.29152057168352,2.626365001984305,0.4677997873119317,0.005,0.0
UGC07690,1.1681913673155713,7,0.3,0.0,0.8148014882213981,5.450084450651296,59.40081207624063,8.447990393014194,0.5000000046543612,0.20307524367420576,0.005,0.0
UGC07866,0.12789938876277626,7,0.3,0.0,29.9999825596128,4434.175626736423,29.759122687181144,2.924004741156913,0.8032050387149825,0.16938397046319983,0.005,0.0
UGC08286,0.5134689410944288,17,0.6,0.0,8.267046795317318,9.516048099774926,81.99667401527594,1.308380614005796,1.3961287688680208,0.08037783461405444,0.005,0.0
UGC08490,0.22802881618523674,30,0.6,0.0,5.8516179906831605,4.5864311357503995,77.07473468716448,1.102234568120574,0.7184625033628087,0.03910287371290576,0.005,0.0
UGC08550,0.6604767566223129,11,0.3,0.0,29.999999690389963,498.3823363177073,53.751554980697044,1.2255600985059478,0.8968098802928463,0.0772279514585572,0.005,0.0
UGC08699,2.0299513616516633,41,1.9999999999999998,0.9215309167412887,1.2909056270354964,0.44901500300404446,181.6847794286282,1.9917447763243863,0.5000000000000001,0.20930480574598134,7.308410163088747e-16,10.62267167195965
UGC08837,0.4410128974073046,8,0.3,0.0,1.3235042362159475,1.5331670561651916,88.46650811140307,20.28101294043638,6.379488504650016,1.567169788726602,0.005,0.0
UGC09037,0.4589664534348779,22,0.3,0.0,29.99999999769205,37.83852514885084,148.871712914473,3.793645299142547,5.1120679685380574,0.30927055474881093,0.005,0.0
UGC09133,8.72420100181614,68,1.4960458090100575,0.1704371542204007,8.321605266904907,0.3948653046679611,229.84177640068214,2.94673196283712,0.5000000000055292,0.22988013424971349,6.05577416532025e-10,34.617970010803674
UGC09992,inf,5,0.3,inf,1.9713277008528973,inf,31.851465744873508,inf,0.5000000000000001,inf,0.005,inf
UGC10310,0.09869176080841502,7,0.3,0.0,1.2544003298627557,3.3159880010263096,76.4940358345571,3.0425072687529053,2.1978593913943887,0.14906344679702388,0.005,0.0
UGC11455,3.168280193314505,36,0.6,0.0,7.660627547518464,40.10255156302747,282.777843398645,6.634932575207543,5.523767158897294,0.3541417178302679,0.005,0.0
UGC11557,0.35525530576490416,12,0.6,0.0,2.035017334208868,9.62971172365019,93.40171292243417,10.489257944578108,4.377570014879278,0.7251963968581031,0.005,0.0
UGC11820,18.750508097766918,10,0.6,0.0,0.9487469150643631,43.66177422946376,87.681603086647,9.341581538974012,5.622731529758406,3.216643803442608,0.005,0.0
UGC11914,1.0732769197888072,65,1.9999999999999976,1.155497859408129,0.9824572616848745,0.3116631562722906,287.7043564646001,1.5146831323590162,0.5000000000000496,0.041328105335534146,7.703651502649012e-23,6.204128594696092
UGC12506,0.6212656532729084,31,0.3,0.0,14.662209394530535,20.46419560085555,239.38397968795124,5.658730312168277,3.0125807490379004,0.43155034540716203,0.005,0.0
UGC12632,0.18318848834111096,15,0.3,0.0,0.783617148308295,4.797033586049404,75.2266716081687,0.8084375657270808,2.8946342366663695,0.2396564519676877,0.005,0.0
UGC12732,1.2774108566747087,16,0.6,0.0,29.999999987474013,68.91953457286259,82.87002283896075,2.510769210836922,2.6737485383595136,0.31051742014293804,0.005,0.0
UGCA281,0.27464761301895474,7,0.3,0.0,0.5000000007234732,5.983968079449174,32.36523146812843,15.68698837210858,0.5000000000000153,0.25458679605462686,0.005,0.0
UGCA442,1.6126819780993857,8,0.3,0.0,29.999948358682072,6005.183760724872,58.30769921517063,23.978165957775584,2.5345290043790505,1.145515011139493,0.005,0.0
UGCA444,0.19994494011686775,36,0.3,0.0,0.5000000074382895,0.2870280647813185,38.780952854963076,1.2141294738523638,1.2861837561078442,0.09675140286708986,0.005,0.0
