galaxy,chi2_red,n_points,upsilon,upsilon_err,lambda_grav,lambda_err,V_base,V_base_err,r0_base,r0_err,beta_light,beta_err,has_sigma_gas
CamB,1.2332437515104449,9,0.10000000000000002,0.0972755471021155,0.5000000000000001,12.13344905097687,340.4734444181361,63106.15381660135,29.999999999995243,5582.079134813592,3.2847822413819852e-22,10.149521597825965,True
D512-2,,4,0.10000000000000002,inf,3.1490917056866072,inf,40.587918823605406,inf,1.4510550394619042,inf,0.09999988624833665,inf,True
D564-8,0.10340746006449399,6,0.10000000000000002,0.46971624132948575,6.114428346518939,43297.88046101549,28.500688784870977,107.89667934962335,1.677783111482041,1.1399790836846073,5.65680401496784e-16,115.34869462470057,True
D631-7,0.40825718450970183,16,0.10000000000000002,0.18187636604420132,29.999999999999996,195107.48950754458,67.25168491210552,30.920125229924768,3.784139484348024,0.3510023675784503,0.09999999999999999,10.538719233551328,True
DDO064,0.4576719498345573,14,0.1954037755625972,0.26006676845504256,29.99999998421193,664198.98073583,65.27373485791576,132.12917414667567,2.1776684438810445,2.6809817809519108,8.745850484172042e-16,16.673403051692567,True
DDO154,2.424833187893531,12,0.39721715362360954,1.137487424886836,0.5000000000030984,3.783303353249083,52.819993228562424,1.1068687817012777,2.2877932142962685,0.16878744334354956,3.1645928060164533e-12,22.25786640138903,True
DDO161,0.49497811982421097,31,0.8215072474785668,0.41843834511973454,13.749636765082514,789.2081471181582,73.0055213295302,20.33206622129659,5.8175073830256645,1.25537228726605,5.6072398123989255e-05,8.148721621328155,True
DDO168,4.340710929313045,10,0.21946900457512183,1.2630969373883874,7.919325661647689,22682.152405904057,68.18062624738862,232.12493129169968,2.508241666049537,4.640528073949394,4.884848509614316e-16,54.977652928757486,True
DDO170,1.177959566080873,8,0.10000000000007668,109.82579271399895,0.5000000000000023,201.57100350333027,64.32567902396272,4.858053948893681,3.6611321456161208,3.78355956134203,0.09999999999722473,275.8156644082998,True
ESO079-G014,0.8767877288138488,15,0.10980048218955135,0.15978053240218215,19.719419344300682,1524.556026373423,195.16295457392258,115.0542138930362,7.554437599122588,4.05453649232013,4.606882891798311e-13,11.613562856326343,True
ESO116-G012,0.7852386259546431,15,0.10000000000000002,0.046787860818949784,18.265643812644406,5074.567769738633,116.76308437422631,46.137867388289195,2.9907802225823983,1.5343937872136442,0.09999999999999783,7.776797045693517,True
ESO444-G084,0.4760558319165805,7,0.4662095837143073,0.8245630006848151,29.999999998935827,448590.18207004847,67.97764182558879,89.76837718630352,1.475593965838766,3.106862283088402,0.09999999999711505,167.8093654563168,True
ESO563-G021,12.070763485662448,30,0.10000000000000002,0.12394807073169986,19.37457499461454,313.6236703495754,334.01816833339495,58.90250840682188,7.479826839493984,1.5358693871234763,6.152303544899491e-13,8.539401588028936,True
F561-1,0.2236025768910796,6,0.10000000000000002,0.3823902341974475,5.229891181936453,197.85494713335922,53.03787764162289,49.76349788815213,3.2209330552014337,4.756848328674956,0.09995054129059087,142.46694269426806,True
F563-1,0.5664384897414813,17,0.10000000000000012,1.0709503763029022,29.99999999996335,16873.160719680272,111.63965353683513,21.685037025365226,3.7235676515939846,1.5957668987199627,0.09999999999999999,24.262665840636664,True
F563-V1,0.82556005187824,6,0.10000000000000002,1.7741363682456825,5.297123854241897,2746.3195891295027,31.065904074862093,289.3021504408404,2.9430517514810948,28.6168983634334,0.09999999911166797,84.85767634675153,True
F563-V2,0.3080746330417238,10,0.10000000000000002,0.1501199778289394,9.712357571798034,4844.525499037185,125.88740299859532,105.41976578280233,2.7903746572468977,2.1406720399198877,0.09999999999999618,25.81742340211159,True
F565-V2,0.07187017925253895,7,0.10000000000000002,16.364756634710123,0.5000000000000067,49.273565141402585,95.60907035954435,7.2578168322883005,5.11614638795921,1.9380860738810597,1.2365727870841023e-27,183.1809312599597,True
F567-2,,5,0.10000000000000002,inf,5.123917253583477,inf,53.49155980661839,inf,2.903652368966066,inf,0.09999709207557816,inf,True
F568-1,0.10113214639252889,12,0.10000000000000003,0.2217547062116983,0.5000000000000001,3.962300496180254,141.67559173902544,2.5965929175120492,3.870691079458014,0.5588132178459215,2.137571924305438e-17,35.21372020264635,True
F568-3,0.9618376433309324,18,0.10000000000000002,0.2652077296972145,13.22652336774365,3796.903605133269,121.19159658826625,133.45465330578597,6.229835229990875,5.174419307456277,1.0502309493901259e-20,11.891852319265743,True
F568-V1,0.06966654849296577,15,0.10000000000000002,0.22289055866198462,7.200963524486705,231.33156840965228,120.40648078667873,10.607325795331832,2.8182696087916534,0.4819992872407755,9.394514565767392e-05,31.383040726331032,True
F571-8,4.880505259439383,13,0.10000000000000002,0.06674604509323342,0.8110475742118478,4.067207529669181,151.45751648823003,8.952990611446378,4.9321632988139,0.8670319296199893,9.414937094609973e-28,6.0224827604483995,True
F571-V1,0.09474790259440963,7,0.10000000000000002,124.38762726514616,0.5000000000000001,204.80318760586323,90.59071860943585,6.682066286529926,4.771220851734607,4.063714380039867,0.09999999623845632,192.96919843886795,True
F574-1,0.19761746842540306,14,0.10000000000000267,0.1138357153247981,0.5000000000000013,1.596274304825272,102.7951468610835,1.231890848561295,3.2620178090067933,0.4928858955840571,1.9570124253729443e-13,18.305449288517188,True
F574-2,,5,0.10000000000000657,inf,0.5478428649436762,inf,51.81196747624873,inf,8.971908209803095,inf,0.09999999999989827,inf,True
F579-V1,0.10099583120306724,14,0.10000000000000002,0.06407137217386899,29.999999999999996,785.725002675434,110.73117265119319,6.760715132325405,1.4972814541084294,0.30110416027618525,4.792800345503834e-18,25.153567281524655,True
F583-1,0.1189576756136459,25,0.10000000000000002,0.19897134839857109,16.330356299639558,8319.045796382323,91.66970480622042,31.21833282592289,4.623650715494105,1.2174739271705475,2.5381756887883072e-22,4.373320904744797,True
F583-4,0.5308492687332892,12,0.10000000000000464,0.09080115089843531,29.999999999999996,13076.923986777565,67.20639670448193,16.620859980107152,2.3156298198236094,0.7422201573616679,1.103743997251724e-20,3.4676673854011595,True
IC2574,1.905868155332595,34,0.716583870342762,0.32617699531007976,5.586755748192506,47.53054971069064,124.8436799115338,94.35884480180101,15.629332508445682,19.460360538489912,8.06205341619825e-08,8.336037558416477,True
IC4202,64.13013394565327,32,0.10000000000000002,12.146538835411786,0.5000000000000001,0.687404738857282,259.20404897292735,21.373107832242077,4.21407489695799,0.8442819297397233,0.09999999999995189,43.28449893253834,True
KK98-251,0.667465398755943,15,0.10000000000001254,0.7642524943141532,29.999999999991733,593065.4627060165,47.679662782765796,57.31482257134559,2.6310891187234295,2.3807347131322762,3.840135558735734e-16,29.894895179538583,True
NGC0024,0.26122247510602303,29,0.10000000198637038,0.4486670737541384,2.784375731726319,12.202024534408073,108.33375476451634,1.9868136576746878,1.0960707068245863,0.20524205801777917,7.24474270850373e-08,4.100154544033821,True
NGC0055,0.431817652262773,21,0.12022868697570045,0.30066373849012484,7.427679483642882,418.6971021941275,95.15315719522725,32.283887653890474,4.929068621354027,0.8077341888739292,1.1535916657699844e-10,7.383494784547137,True
NGC0100,0.18624626454338586,21,0.10000000000000002,0.06445493481783247,10.880634646818002,4822.052690556325,93.81629150823747,130.9572421484548,3.5125576859121947,2.689250208470245,1.690189262043028e-22,6.173477165137007,True
NGC0247,1.9234786645656474,26,1.1695261612297763,1.3797417392598141,3.129988305927395,31.141782895274332,114.39971578591312,37.04627931267479,6.840405448872004,20.805484963142014,0.0999764505197612,45.46209947849641,True
NGC0289,2.6797581451144175,28,0.6670322452481199,0.6811287377181041,5.662159250688789,9.971168264492665,173.76365354120568,4.137731643650358,4.669642852931274,10.029459546113388,4.17921786496153e-06,33.383914988287366,True
NGC0300,0.4399771184701889,25,0.7719948237439898,0.7244807504103712,29.99999999998967,4670.98766825657,98.47947465023934,81.18838245083396,4.356072713190981,3.1728004120275837,0.09999999999999999,29.141757083364666,True
NGC0801,4.38430439940853,13,0.202771273402617,0.1607578047864016,5.749091361236059,3.7570842451773356,218.85341146461593,3.5327103506070983,2.153766315151986,1.8318229993034416,0.09999999999999999,15.162639952468838,True
NGC0891,2.283043730408194,18,0.10000000000000002,0.13467393954075274,14.146574545285118,225.58496949988012,212.11540984852945,104.95354794589376,3.0026784736693735,3.271882009114081,3.786160628296979e-09,4.021171806281069,True
NGC1003,4.286038949224898,36,0.9386026693337899,1.0223200685678404,5.909118384537143,124.40111326422262,113.97601660284431,25.26352495264972,7.819617161897586,40.5000970886893,0.0011164918563605275,49.08499402278038,True
NGC1090,3.1459480783160005,24,0.10000000000000002,0.074911347643304,19.00541550895656,237.30577707679018,164.0282358153115,22.998386418426847,3.5633365250050315,1.105309531980217,2.3773670856336043e-16,3.2481169028773773,True
NGC1705,0.09188261461494024,14,0.2951984903485137,0.08183029259073873,2.808464330003584,21.43896730270794,72.07067720721535,5.229556213581803,0.5000000000005628,0.20796292240096506,0.09999999992677806,2.8037398878630344,True
NGC2366,0.9705360751310925,26,0.10000000000000002,0.13492696821764968,8.746149775012812,16316.241504962407,58.702784768648584,74.25305247839458,2.2844155846131144,0.6891087610609486,2.278622791851281e-18,3.1980172994595737,True
NGC2403,7.912315059265484,73,0.5044251446569034,0.05792522666770119,29.999999999651077,328.00293856707367,130.0669236102798,9.875720316037953,3.787393819093994,0.42357218318389034,8.206038752815885e-15,0.8405804948873054,True
NGC2683,3.801757701849892,11,0.6519107177678868,1.00056874995851,20.22461123701367,273.26145807081326,154.54730450582193,140.7610159117419,3.3928469401953363,17.54069202936442,0.09999312897030929,19.693203854582823,True
NGC2841,1.2493516074409405,50,0.980185682602607,0.25270772953036963,13.11004627381212,4.374899926409593,276.71874887027974,2.496836570197633,0.5000000000057562,0.9404807062641224,3.118756095563986e-15,15.340477399789949,True
NGC2903,9.53616882929924,34,0.22916471956294243,0.061423792284733464,12.872172515894276,43.96758797078643,184.65558058221998,20.271341758982487,1.6109296513670948,0.7637740061139842,1.3000759922233786e-12,1.722584760484289,True
NGC2915,0.3630796215628928,30,0.10000000000001084,0.3059827504800953,0.5000000000002276,16.63388210278499,85.14254322032413,1.5195688995958723,1.561174212948694,0.35799425002958013,2.7310319434406123e-16,16.84349241626933,True
NGC2955,25.99791666789719,24,0.10000000000000002,2.6561930140571217,0.5000000000000001,0.4460794963116406,273.94134132026403,21.176760966511832,2.069428170124817,1.0387524570869338,0.09999999999999999,23.260640818824065,True
NGC2976,0.8089859720316607,27,0.10000000000000002,0.13955302521518506,29.999999999999996,96715.30096002291,156.2443121746609,135.9902389532827,3.0894415988081367,1.7784134495293997,0.09999999999999999,1.6376282975200844,True
NGC2998,1.5922466912674647,13,0.4239930483840443,0.16614999035487774,29.999999999988937,170.2013594356133,203.2364924082366,49.71095720815203,8.703479108974271,2.2554426575850037,0.09999999999999999,12.732515178248319,True
NGC3109,0.17479886574192874,25,0.16858935652605572,0.21023585532890282,29.999999999689805,130400.17776104575,78.97955568990122,37.201376290783244,4.007074211566995,1.2432156049815513,0.09999999999756648,10.953827877807193,True
NGC3198,1.2935976763475088,43,0.4154186535528308,0.11788715541534224,23.93698749757929,61.835280136526066,147.30404556870812,8.644865800734525,4.960253053418591,0.9923131397329907,0.09975279595723552,1.8729409999336704,True
NGC3521,0.04902325240889208,41,0.6099820160883005,0.015969665733122123,5.898490853105507,1.8668925698828591,208.07617971928155,3.6625810990462635,5.222040347692585,0.7130315251540269,0.09999999999998792,0.2318642497871382,True
NGC3726,3.2900157991441854,12,0.31029277918028736,2.5409547012387,11.385296305406493,52.74996632826499,160.05572061164906,31.78919999616922,5.714226075098199,23.852309727713575,0.09999767665899512,26.50834874712096,True
NGC3741,1.3474890768318124,21,1.2399590371015714,0.5874534472742187,29.999999999999996,40582.83738186855,53.58936735485663,10.692149027589085,2.6916861359439896,0.24548270070673864,0.09999999999999999,6.883398936276235,True
NGC3769,0.6927170908645841,12,0.24087970541679812,0.4177139971529032,16.877234316764582,250.06681170227913,119.9749357317723,19.694484895927097,2.7940614923551435,3.9103194440038087,0.0999714630784919,18.09326583022313,True
NGC3877,1.395650289392251,13,0.10000000000000002,0.13701253650684286,5.489112389924445,63.506007494613684,178.03084739884014,55.48287000392572,3.3659358308240193,1.247366099711388,5.7692899340666404e-08,13.16267316722866,True
NGC3893,1.0598704303432966,10,0.22299110735587666,0.4079837708003964,11.403313321192403,211.23498687076136,182.0509055884743,79.70977983647681,2.4164857019082424,3.7222798001578226,0.09999921898770843,8.913239969580312,True
NGC3917,1.6617687342976293,17,0.10000000000000002,0.11158929984338187,11.527935869180673,643.6037489348092,147.10727171593044,70.00288689400695,4.5698081259017735,2.5869874108882547,0.09999559417803296,21.893930613089758,True
NGC3949,0.000625635284095953,7,0.6921989452324617,0.01931004378776523,1.9007248591297423,0.08907006880116071,189.60018763713393,3.3609072216234623,3.9998107557724967,0.29933566850081655,0.0897605837233801,0.6371487472811674,True
NGC3953,0.38027666541198757,8,1.2679503474691634,2.106514682838642,5.954285286880665,49.527301630478185,245.88392759554858,409.40664242827165,11.484772131161524,121.2973059349061,1.1735200914520628e-05,89.35514813617843,True
NGC3972,0.6200052704937968,10,0.10205709779098643,0.34890867338792325,1.3732480447122102,71.97289659029829,142.81441420242265,44.36912830068053,3.465262764076451,9.678676339031943,0.034175187749835946,18.953828701289424,True
NGC3992,1.3819318552465891,9,1.2235078110197173,1.3739220098330576,29.99999999999966,111.10286078100373,218.95622517567514,78.27372520031581,7.479677235514307,11.0853611016185,0.09999999999999995,89.1018183018738,True
NGC4010,1.645473964271226,12,0.1131922110550193,0.16301863251434706,13.71411864119848,8035.012261118426,140.1349121109051,591.8161754154072,5.007759508122203,15.438078040768442,9.408105350762964e-15,34.72347606033589,True
NGC4013,1.341434898012436,36,1.9999999999999762,3.220883978046725,3.7040157503568034,1.6680165050647755,171.97195227252388,2.1373937060882957,0.5000000000121135,7.071542453716011,0.09999999999999985,17.40175774334,True
NGC4051,1.7899031366103013,7,0.5844237919926752,0.33196155408013245,29.999977709318078,3962.5284715702073,132.5249005267028,1324.9156313181963,7.937070151645013,64.20023306396497,0.09999999999999999,52.09279667589592,True
NGC4068,1.566822657489794,6,0.10000000000000005,0.22128148571798095,29.99999999947797,2247008.412616897,80.77774320736667,180.61927123224478,3.8845006540416605,29.458360020322456,3.747131480240169e-15,40.04814386237538,True
NGC4085,4.873364937330581,7,0.10000000000000002,1.1844402846006012,8.549452241731139,6480.893555907238,153.88870588772926,1068.7808358637021,3.335012793438637,25.706602707664494,4.344599761313045e-14,250.87466421620906,True
NGC4088,1.4077740852389422,12,0.16938458472335688,0.3022359092774488,15.660723418430704,256.8372155945009,167.4242835955859,91.0686905733969,3.9896874267412064,6.190700732249101,0.09999999992650845,6.201632082424281,True
NGC4100,0.5987484334892186,24,1.154461590062312,0.666443269769171,25.589004104347975,619.8769333591343,141.59189601188598,331.7491635318838,5.677817184376557,19.78273992917519,1.7233091227682153e-30,5.5473455877274525,True
NGC4138,3.5015358696077206,7,0.9954877342042802,10.997819771663908,11.256932539074391,410.9117815758755,139.38308623568838,429.4333994972322,2.3611727593516214,86.99424033363584,0.09999722525947734,38.272986994549015,True
NGC4157,1.4380044350425774,17,0.1749560558596185,0.2808268407114983,13.99636594235169,93.73573930747338,182.84229059455276,32.083622126749844,3.2720642983797523,3.937274745139875,0.09999981024563391,7.962640825837329,True
NGC4183,0.1519973658302948,23,0.5100024647109568,0.1352530111786317,14.891454023614118,81.03218314194517,108.60943921903278,16.224785269602776,3.7982595867240074,1.0148167788985458,0.09999996620274634,11.15774610163662,True
NGC4214,0.10972325638617705,14,0.510885721953219,0.06915682676564958,29.99999999999996,6837.639164858364,79.46093754023046,20.983899781476975,1.1802733487791917,0.8805511763611158,0.09999999999982472,6.293538155552806,True
NGC4217,36.489309850263034,19,0.10000000000000002,35.000133133010706,0.5000000000000001,0.47662911487954424,195.82232183694737,17.94369193902174,3.071231051280874,1.9759178221719835,0.09999999999999999,87.53295105869545,True
NGC4389,4.008046955331554,6,0.10000000000000002,0.8887646193360699,0.5000000000000001,6.493221226949535,167.19242537706822,355.6490112053387,6.193986352960938,28.068852071043295,1.7498920986726525e-15,46.0745289047126,True
NGC4559,0.24537157540751967,32,0.2658361996947046,0.11062135489469517,29.999999999999996,689.1988032719916,121.46305157666899,27.027983002686078,4.479948988782267,1.377574339470294,0.09999999999999999,6.994844177936695,True
NGC5005,0.9464328596823718,18,0.10000000000012803,3.640197667747622,0.50000000000002,1.0396615622047325,271.8380063565282,9.54531117880859,1.4188762790880094,1.05252037773981,0.0999999999939956,10.228316915432963,True
NGC5033,19.25452587168121,22,0.1000000000000084,0.4042820198421527,29.99999991092902,742.2780916037302,201.77048502522928,115.96166540147345,3.9747802197700035,8.52106794552598,4.704629858486767e-16,22.545943112001513,True
NGC5055,8.598022199241694,28,0.376441257727577,0.10172083434958396,29.99999391318277,108.3275415299156,173.75431873161818,28.190627449824937,5.707173837558823,2.6354189545219637,1.3550711571770693e-39,2.7976849151732486,True
NGC5371,4.285887332965663,19,0.6565438711091854,0.13585001960247575,29.999999999999996,53.905229228333994,188.60777660002415,53.21155479506169,17.28884374228495,10.385602747537572,0.09999999999999999,11.910651550878384,True
NGC5585,5.177239516688203,24,0.23334144355585615,0.09025753680759975,14.903121997375923,4796.634728577195,96.68316333400395,135.61685213939666,3.687926382027792,2.2162805375078563,0.09999999999999999,1.105525827774985,True
NGC5907,2.855407701293843,19,0.4531391237132369,0.308986924355227,29.99999999999915,176.3541317613344,204.44042448971624,43.99691759852916,2.663847879159968,2.5799380861183723,6.409747303265974e-24,49.1823314608303,True
NGC5985,1.0056109964870448,33,0.6078557725163689,0.25371916746364825,6.218977611176231,2.650747999076395,290.4715885884242,3.096655408097662,3.6399227389223783,0.3184063950056931,0.09999999999798417,21.56800352300305,True
NGC6015,5.367128294967116,44,0.11809343690175116,0.07874499410828989,4.967318252257467,7.1111583422275135,157.1612456576862,3.136387884230754,1.9083477119012013,0.17880465040290017,0.09999999291903018,3.0983701423657033,True
NGC6195,2.8122622801398625,23,0.10000000000000002,14.628440388144199,0.5000000000000047,0.7630373282005887,247.75388580271354,5.221408715584693,1.1102735781688517,0.5662307318260763,2.6003354324579084e-21,14.555945431042453,True
NGC6503,1.1000595166025677,31,0.16506727008484035,0.5560327422157106,29.999960657573475,1075.2360166020421,113.96543924919719,20.683528634559266,1.3373721828036085,2.0546195113651615,0.09999999999999999,1.9491475162701057,True
NGC6674,4.160251339953536,15,0.9974439088776088,1.1385578715492128,12.240978277389436,4.475146808902659,239.64891200265328,8.901397835854915,7.8141818414213535,22.1690841690145,0.0999999711975036,53.09039534813256,True
NGC6789,,4,0.14240336326711492,inf,29.983782214762332,inf,118.40455187704067,inf,1.213526840132241,inf,0.09999992420853838,inf,True
NGC6946,5.198216223407816,58,0.15725933079105237,0.14978284584157114,11.782175634337618,103.9616036831763,172.4700585025913,45.94838627828113,3.261635880794618,1.4723426883620285,1.339490269628177e-06,3.4984556004493674,True
NGC7331,0.4178946288228651,36,0.4909064468585061,0.16315383485831983,3.8270581499138,0.5962788000276597,238.05680874964108,0.8536583553969449,2.548372400804331,0.6377046334283377,4.025065204956446e-17,3.6441797888527,True
NGC7793,1.1427380704941497,46,0.392891811950702,0.1320293120015174,8.696276768060903,777.8341228475643,102.67660482437873,252.93265141016653,2.301170381824399,4.978477915203349,7.195864840781293e-13,0.8618145652300654,True
NGC7814,14.397673141719652,18,0.10000000000000002,3.4357468870861037,4.989228434102925,20.68788160971295,220.244218289544,14.761596602838033,4.89422600818235,14.89481046458061,1.0916263576226176e-06,202.883845689002,True
PGC51017,0.04802442387361068,6,0.4863756981790891,0.07186527237779239,29.999999999999996,4877.571394512488,15.507531764127846,6.617623293848834,0.8157252280352275,0.45682695993027606,7.717612609490828e-21,3.787836549095179,True
UGC00128,5.3183574867578685,22,1.6665917032876918,1.1060887798661876,29.999999999974317,97.05235653366161,131.53067137886248,13.980409329913737,12.239582999700408,2.643890265432188,0.09999999999797013,86.9153475721878,True
UGC00191,1.6193728217127563,9,0.83138065389956,0.5755329148792935,1.5060265991524775,5.097596279388006,85.62252210414073,4.541286018268091,2.5713394064921906,2.9584721970373815,0.09995377273246533,24.243520717679182,True
UGC00634,,4,0.115768980433601,inf,0.5031141737613369,inf,116.75096244096756,inf,5.838960120483756,inf,0.09392779971222684,inf,True
UGC00731,0.7486872977206268,12,1.9999999999999998,7.152201153723197,1.5616929971059703,58.71884131289536,76.78001855217686,20.142066555442852,3.187672142388082,12.865718252584507,0.09875114877476333,756.6771866465974,True
UGC00891,,5,0.10000000000000002,inf,0.5000000000000001,inf,72.27012492033042,inf,3.9485859860216967,inf,0.09999999999999999,inf,True
UGC01230,0.74068517667786,11,0.10000000000000002,0.30342289624159413,14.97142731808609,1211.9511315910065,108.97300000935006,23.596992192426832,3.405122124979567,5.670426978398787,1.8178394143085134e-05,248.11472146144033,True
UGC01281,0.19418195091590312,25,0.10000000000000002,0.14454481524090276,17.43272876213269,44997.63171804689,69.9730696034929,53.598198952476,3.1233177916889634,1.771121473626207,2.9944548019801177e-17,10.000609671085183,True
UGC02023,,5,0.10000000000000003,inf,29.999999999999996,inf,165.82006811221498,inf,10.205485107636825,inf,3.4436148954720377e-20,inf,True
UGC02259,1.335808208724769,8,1.475915172774731,0.7386387286058854,29.999999999999996,1853.6824216363952,83.01526071760564,28.732885787273993,2.5653514410025613,2.170282005070038,2.985009673651977e-18,67.05113130683121,True
UGC02455,0.7215697872345103,8,0.10000000000000002,0.07178376253062241,0.5016397638608245,0.8152582144326348,184.4520247329734,312.2473440841754,11.71513603798969,21.869390000091077,0.09999999999999999,2.1884077951895686,True
UGC02487,10.416282192739475,17,1.9999999999999998,0.5662060791783625,27.62694537979135,24.65424727751049,313.2326231521772,24.791381188009513,0.5000000000000001,74.80435099031102,0.09999999999999999,55.11712423215478,True
UGC02885,1.167505406814413,19,0.5040083599829444,0.3457831120654315,9.146128253227216,25.44454630737881,300.8401516758895,14.571635306181001,12.822844144529439,18.8232733280309,0.09997948115955833,89.39401829624953,True
UGC02916,2.441723360865944,43,0.10000000000000003,15.352730234550457,0.5000000000001023,0.15284293974991142,215.91002691168856,2.4010673268389815,1.0985264409371607,0.19329127945687904,5.477637966182404e-23,9.001759579914102,True
UGC02953,34.23478570959586,115,0.40091404375783524,0.12426729666880354,24.85512750321514,38.11603517450635,259.8150531806372,21.166390758223585,4.662970908668044,1.8576229100444483,1.1647006099492212e-06,1.9089446500709342,True
UGC03205,7.277953193846712,48,0.20694842940443298,0.27548513696827565,12.720487735574375,19.99582714085316,209.00325014870768,11.697549265773889,3.3792564110528005,1.3400664926826262,0.0999991946613065,2.7946497016395857,True
UGC03546,1.8918768223286415,30,0.9448078591682807,0.10805078309525161,29.999999994958365,372.18401504385326,177.25318276957822,160.12255220725442,10.10828156376214,2.0385696579049584,0.09999999999999999,2.0954906756463196,True
UGC03580,10.645488319161823,47,0.10000000000000002,2.7223249937170713,0.5000000000003463,0.5027934588160725,118.984185919785,1.5263038833890117,2.6601976234379467,0.30547419469300274,1.8852828387179583e-17,2.6909554138671945,True
UGC04278,0.6437455463950698,25,0.5706371149030413,0.23720561280158098,29.99999897017985,35416.397493394004,183.44790740563488,97.48810750655926,11.610483133505308,14.198492947970065,0.09999999999999999,5.840943314122499,True
UGC04305,1.1100662531058103,22,0.10000000000000002,0.19657265988462264,2.51372540061873,36.74638536777303,35.21877953025801,8.97145380433757,1.206253347318866,0.6860414855108106,6.219657882011037e-06,6.282026974244635,True
UGC04325,0.9796433358896189,8,0.10000000000000002,0.9676514771446476,3.376546796905816,272.87118104255273,96.49932804548271,37.13205814155638,1.438048529011769,1.2259940383978323,0.09999995557003079,27.318528062540622,True
UGC04483,0.501056253533326,8,0.10000000000000002,0.3932448772396983,1.0404531833531416,992.4914425035353,26.299567509770306,37.39906513087521,0.5000000000000001,0.9175213454499145,1.7466455072921846e-11,14.562223626680513,True
UGC04499,0.12620870898379777,9,0.10000000000000046,0.10894914740164001,29.99999999192529,15747.521069315459,77.9476427579769,19.864650197118618,2.7555693512389015,2.1441136772950267,0.09999999996505672,45.86151021402256,True
UGC05005,0.07396854198912986,11,0.10000000000000002,0.07103487450431994,29.999999999830962,14760.35916978958,105.84445512667692,62.86832484738729,8.790256490012037,2.2369596598201955,5.248979647674232e-19,26.425129935373324,True
UGC05253,15.170254913928897,73,0.10000000000000002,7.185755203823719,0.5000000000027033,0.3015692041946163,247.4630317663579,2.5138775619330387,1.0514534360857333,0.4145138723577081,0.09999999999899346,7.274589118071911,True
UGC05414,0.3400563165063115,6,0.10000000000000002,0.18435166432426617,29.999999999999996,85424.56672294349,71.39034082831695,73.81782183396547,2.6458984855802203,4.438475745036118,0.09999999999999999,51.525037770571515,True
UGC05716,2.5098642457342644,12,1.833171300656229,0.9835877802283489,14.733318110763145,4126.737292152026,77.7681000700875,213.0458272484016,4.5816280884697145,0.517823989940424,0.09999993930259143,20.546377083074812,True
UGC05721,0.7888809247427403,23,0.10000000000000002,0.07798210686041249,4.321504240937304,812.7155741964144,81.1494771653045,23.932290784469178,0.7134503209510406,0.30371883723382864,4.842474342021379e-14,2.5879576536620794,True
UGC05750,0.5562362006118832,11,0.10000000000000002,0.09542303726121698,29.999999999999876,22299.16799704145,88.57157966798384,88.8094236128011,7.356226426750081,6.5296017820751215,2.4035602565916522e-21,41.9973321674279,True
UGC05764,4.858483058617775,10,0.2458656550535683,2.2313482951163084,2.3836244518565888,751.9237197019194,58.87095786601131,40.821698280474266,1.0598234958245638,0.8478597045105175,1.619418465729638e-07,63.0022079673031,True
UGC05829,0.2023339770221222,11,0.9280651535376969,1.2625392137078468,5.253270387552968,1133.2449228950065,91.97728808322145,55.281118307664315,6.652929698908424,40.16514214151537,0.0999999429251367,44.20497010370109,True
UGC05918,0.06911053259282114,8,0.5230116047480625,0.41109187994891666,29.999999999999996,8327.648331242031,45.360258677996214,7.662713589032611,1.7671539456883965,0.8054559278322633,0.09999999999999999,52.26538867697044,True
UGC05986,2.5037500046719225,15,0.10000000000000002,0.24281591143571363,12.924904682314763,7666.745360930494,124.56284116827206,151.65853033766845,2.8578300434578185,3.3896737759661915,0.09999988503369465,49.96745633879395,True
UGC05999,,5,0.10000000000000002,inf,0.5000000000000009,inf,109.7116573558837,inf,6.9506979359717915,inf,0.09999999999901123,inf,True
UGC06399,0.09102027968960226,9,0.10000000000000002,0.5724588188016507,8.799280473666801,3053.2125485188762,95.15116772530813,93.03235518694186,3.3125585588119053,2.149893924477353,1.1048735651677596e-08,182.63536959865888,True
UGC06446,0.47907203734504805,17,0.8398643899596352,0.5102286820659429,29.999999999999996,3630.964204505424,83.20593944501864,21.845610607958097,2.4208777501291276,1.321547342492545,0.09999999999999999,32.098886032710595,True
UGC06614,0.35316659793667604,13,0.1000000000002645,6.784577447312553,2.1225443492797322,3.332144593460229,203.39441812577505,4.1382130713624035,7.496225046602632,1.4858557606485605,1.535974467280247e-16,27.480844095522055,True
UGC06628,0.014449476245191656,7,0.10000000000000002,0.3846402574724556,2.8530466371292103,23.720101459581922,42.91686667243574,7.242598693094539,1.601301409668543,1.5941463859080613,0.099999513221367,12.828549671530553,True
UGC06667,0.2081328632063289,9,0.588779760656324,0.9613515119829192,4.287895915944076,322.2932684288775,93.846890400872,88.7405479244955,3.3664068546574653,2.2359263881727243,0.0902446585054503,533.6779240598723,True
UGC06786,6.687730982990115,45,0.10000000000000685,0.47184352840868987,16.511819595579446,93.59474598091295,224.634841327286,30.00277231881317,4.83184455964963,1.7331454428638504,2.8377564771453233e-07,0.9858856930971877,True
UGC06787,56.85634115045767,71,0.10000000038186703,1.2991702396555267,5.448709706761575,8.289349759229278,246.7473982946619,8.444936137650704,5.438389519707451,6.195359524539257,1.1772171885649188e-07,6.7432295644841584,True
UGC06818,1.0893624975090812,8,0.3932746211835012,1.7918109427553992,0.5000000000000054,2.468249523571078,106.48053744066732,40.29347906286352,6.649118860979475,4.752216884317014,7.912108774633502e-17,29.1153722998671,True
UGC06917,0.29569912829769174,11,0.7081007549232556,6.897222651516413,2.0720620651142236,35.058682411268364,115.27575479079988,52.573421497384786,3.8297005918130598,22.78892997965335,0.09950860074772307,97.3742887722321,True
UGC06923,1.3113055517272956,6,0.16180951262890686,1.2748226126405995,6.223800706244479,11152.626251100197,91.02298537077601,1338.2970579864277,2.6153625912764658,15.270737040527843,0.09999999991995485,107.05324177308405,True
UGC06930,0.1176370341326621,10,0.1000000000000136,0.31743417108252436,1.604088216867466,45.24757992857456,110.71896411749735,5.547116339879507,3.203925653100502,4.605454662494418,0.00010183495063703091,49.38093915511534,True
UGC06973,0.32898287755254035,9,0.4819060707657565,0.048369544070882495,29.9999999999,6025.376548887399,176.16740789838408,355.97124528545163,4.466470938045868,3.540222694540182,0.09999999999999999,3.1268128493160985,True
UGC06983,0.5664769347069011,17,0.10000000000000107,1.986179346229367,29.999999999999996,3572.626925080551,110.87649674935433,15.138624255260664,2.6080232788800095,2.475175779801651,0.09999999999999999,36.8020731555545,True
UGC07089,0.13326612362473894,12,0.1983198757992422,0.15476021854820024,2.965985467299587,232.40742716238202,88.88024330272049,45.5315547949001,5.235543886825077,30.879212469613467,0.09997272987414134,46.20180958038343,True
UGC07125,0.5298705610781806,13,0.21147892587240325,0.14253497045738078,29.999999999986702,10404.810729262459,67.45384644953997,83.27893880698642,5.075077946193906,9.813845755247781,0.09999999999999999,66.45475653796723,True
UGC07151,1.5294885265509344,11,0.10000000000338581,0.14819810225598587,29.99999445211527,12322.691079886881,75.70866242434025,13.912077500643251,1.5459172888562627,1.4572431830353143,0.09999999999992068,19.331690577364373,True
UGC07232,,4,0.17162058505521632,inf,29.999323286654214,inf,98.86313135256316,inf,1.7066008791524583,inf,0.09999999987776569,inf,True
UGC07261,0.2097148899761821,7,0.5582691021645988,0.30252575658128145,29.999999999999996,10257.864427071016,74.87596844038268,60.73341158697199,2.2622564957521867,2.072895093857645,1.1862801444943009e-23,33.30622920120495,True
UGC07323,0.18123960369934083,10,0.20244366519186954,0.07816916051365114,29.99999999997962,43567.88896465327,112.76540432557213,289.4532431120237,5.286003723933216,8.450475425278952,0.09999999999999999,6.153495013539815,True
UGC07399,0.6640976360555655,10,0.3282201707467044,0.27303470487197445,29.999999999999996,11154.402974880542,101.74097195749981,17.82265900636114,1.4637415813030534,1.3038098396067654,0.09999999999999783,41.829241442476516,True
UGC07524,0.21544283475764983,31,0.4675423102780063,0.17225427655609402,5.503666119972548,32.90919182946206,86.61401439758868,11.412705848589775,4.442745847809083,0.2219665920640993,0.09999999999997809,7.917766581262215,True
UGC07559,0.07561321349853668,7,0.10000000000000002,0.17772688860320743,14.723467078894371,147993.3140427392,39.19672779956386,97.89570918102658,1.7133857853896317,1.9948592931768165,4.205131046637801e-34,11.27460602746174,True
UGC07577,0.001015523077924265,9,0.13773603775374527,0.030149118688484015,2.001896047295017,51.499380619480505,308.35991094624404,23207.784877729777,29.999999999999424,2270.8563357772537,0.09999999999999999,0.8942278409693657,True
UGC07603,0.39676335042283384,12,0.10000000000000002,0.14562446962621067,4.353097571286631,3026.500596265045,66.72189404637061,78.3906073060613,1.2446627791145768,0.5764215814430101,3.493188435904947e-17,11.105201231338974,True
UGC07608,0.1367594780107733,8,0.10000000000000045,1.4679063690484715,29.999999867708652,491475.4370360866,79.61190382664499,95.95065078624273,2.8865524894973054,4.331443258743979,3.3710776765203964e-12,170.03161339918017,True
UGC07690,1.018464123024747,7,0.26395734413681765,5.201155336897927,2.67833232517138,202.03340563917715,57.90932236346754,68.29403804202491,0.6295306097941809,5.910739419884237,0.0999999932269847,6.935815658778352,True
UGC07866,0.13237041975466396,7,0.2813395532220124,0.6248242592775336,29.999999999992085,263728.7658798823,35.7829393347485,90.44953897200537,1.3359269947626167,6.105924686609257,0.09999999999999999,72.58906244113203,True
UGC08286,0.6238075077565198,17,0.10000000000000002,0.3341666796879691,1.2797242701020664,20.549566624163088,85.22063682048798,1.2412894325217831,1.5569585159060277,0.32697872385800375,2.0900456432438646e-06,40.557644730380616,True
UGC08490,0.08925407007957188,30,0.42483981465990917,0.0636735721454954,6.960640161560143,62.853087535430824,78.90925617174919,5.716722686364634,1.0958280566455416,0.21666307285315378,3.6184557277101e-09,3.138824616236822,True
UGC08550,1.1722026468659206,11,0.10000000005399154,0.846868532987184,29.999999999996135,47882.71201146384,56.83857784435913,7.921563239836921,1.0579931064318644,0.97999006991948,0.09999999999999988,17.415358513447586,True
UGC08699,3.873506215193164,41,0.10000000000001037,1.6499519016338313,1.181045781700132,1.546860714161594,183.85527451369612,4.328999555178346,1.3848709705622284,1.4780075136486999,0.09999885420141513,5.958655366952934,True
UGC08837,1.1689137295739194,8,0.10000000000056562,0.34129484355538625,29.999999999843904,510947.5870940284,111.57364662610661,220.71295621180954,8.411265588821658,50.2956574922549,1.0146778607832321e-14,57.48221935299025,True
UGC09037,0.5712839467890043,22,0.10000000000000002,0.16316079350614265,2.9328146814483547,19.647920167255595,163.59101784979228,8.36170296898299,6.370306520452293,3.6331142776472145,0.09999515117736225,12.445227755659731,True
UGC09133,36.25463830786294,68,0.10000000000000002,0.4374540068330144,29.999999999999996,43.19914199977085,230.15006850711157,8.437728106969187,7.631150593665604,5.976472741178387,3.9288630615473706e-24,20.000109641913355,True
UGC09992,,5,0.7647747795010476,inf,29.999999999999996,inf,31.819951227568655,inf,1.5169146463051102,inf,4.754478128841881e-16,inf,True
UGC10310,0.1526007056988461,7,0.10000000000000002,0.42551774410763216,5.726507679273695,469.24504417546194,76.72283004723685,28.32687539083596,2.327979382154538,1.4145847116159525,0.09999999541325466,34.5178102117905,True
UGC11455,4.644346082090606,36,0.10000000000000002,0.06540135057431809,23.044220862639044,220.4194554792662,279.19952503389896,44.193293612233994,6.741504486702038,1.5355411897502418,1.418862804573998e-14,5.104267266091262,True
UGC11557,1.786494396333199,12,0.10000000000000002,0.12382146832492134,22.313700260380767,12552.50089247239,95.08582756654992,311.0087627380706,5.4671441102595715,12.37463155316701,1.1524613436729602e-25,12.491770571509777,True
UGC11820,1.5024485987644927,10,0.927195768159492,0.5805538561561892,4.5747930263724825,71.13590006870905,91.36206955265114,8.862658423321713,6.95634455706969,8.463848304929755,0.0999999660128787,9.645844291145057,True
UGC11914,3.3604685332215225,65,0.10000000000000002,0.11657268432949694,29.999999999997872,492.9205995144154,269.6516657080367,44.84141845506272,3.478879519958967,0.8063085365185865,8.738461578223673e-16,1.583135656747076,True
UGC12506,0.2900332131660093,31,1.1126276292116652,0.2232007488850588,29.999999999999996,64.4367826679598,221.11651428144955,37.359794444878666,9.883550587274735,2.3576610246729666,0.0999999999999965,42.83031894587738,True
UGC12632,0.10054656562459637,15,0.47830973008133854,0.28955667846837047,1.5235882075612153,14.426934627419227,76.12940677333506,4.731043357534213,3.1803042697057387,2.612478765549879,0.0937496746941514,24.610197036044813,True
UGC12732,1.1520750050905593,16,1.0384062462598427,0.4992237374532925,3.4505811705380744,101.041308833823,98.2296348205575,28.242753957661346,5.7035167220300576,22.07057777456719,0.09999588228869183,38.64116713079519,True
UGCA281,0.5291546586833582,7,0.10000000000000002,0.10744969424447376,1.2830735248850855,479.2961747971695,33.45675610212241,75.25720512142252,0.5538247111581478,0.5140934487461997,0.09999999999708852,3.74298575226262,True
UGCA442,1.390192420888167,8,0.297737102087569,0.6513266578044062,7.035616761850004,5065.416489236607,60.34695625204151,66.30330320998635,2.302901352634585,1.7196641375942414,4.1428273328822264e-07,197.4261324645591,True
UGCA444,0.10667603246750784,36,1.999999999996992,1.4253444219493394,29.999999985130867,47237.097250546,38.53779541805417,7.9871640756055005,1.272163615032003,0.32032313593554285,0.09999999999983475,17.59256632142589,True
